lot_id,sku_prefix,grower_code,growout_year,harvest,external_lot_id,low_inv,status
2,LEE-LN,WG,20,,,FALSE,Active
3,LEE-NE,AV,20,,,FALSE,Active
4,ONI-AC,UO,21,,,FALSE,Active
5,ONI-ER,TR,20,,,FALSE,Active
6,ONI-IS,UO,21,,,FALSE,Active
7,ONI-IS,UO,22,,,FALSE,Active
8,ONI-NY,WG,19,,,FALSE,Active
9,ONI-NY,WG,21,,,FALSE,Active
10,ONI-RJ,UO,20,,,FALSE,Active
11,ONI-RL,UO,19,,,FALSE,Active
12,ONI-RL,UO,23,,,FALSE,Active
13,ONI-RM,TR,20,,,FALSE,Active
14,ONI-SR,UO,22,,,FALSE,Active
15,ONI-SS,WG,20,,,FALSE,Active
16,BEA-AJ,UO,17,,,FALSE,Active
17,BEA-AJ,UO,21,,,FALSE,Active
18,BEA-AT,UO,20,,,FALSE,Active
20,BEA-BG,UO,22,,,FALSE,Active
22,BEA-BP,UO,21,,,FALSE,Active
24,BEA-CA,UO,22,,,FALSE,Active
25,BEA-CI,UO,19,,,FALSE,Active
26,BEA-DR,EO,21,,,FALSE,Active
27,BEA-EM,UO,21,,,FALSE,Active
28,BEA-FL,UO,20,,,FALSE,Active
29,BEA-FL,UO,22,,,FALSE,Active
30,BEA-FO,UO,21,,,FALSE,Active
31,BEA-FO,UO,22,,,FALSE,Active
33,BEA-HR,UO,18,,,FALSE,Active
34,BEA-HR,UO,22,,,FALSE,Active
36,BEA-IC,UO,20,,,FALSE,Active
37,BEA-JC,UO,20,,,FALSE,Active
38,BEA-JG,UO,21,,,FALSE,Active
39,BEA-KY,UO,21,,,FALSE,Active
40,BEA-LC,UO,20,,,FALSE,Active
41,BEA-LC,UO,22,,,FALSE,Active
42,BEA-MV,UO,20,,,FALSE,Active
43,BEA-MV,UO,21,,,FALSE,Active
44,BEA-MV,UO,22,,,FALSE,Active
45,BEA-MX,UO,21,,,FALSE,Active
46,BEA-PA,UO,21,,,FALSE,Active
47,BEA-PE,UO,20,,,FALSE,Active
48,BEA-PR,EO,20,,,FALSE,Active
49,BEA-PR,EO,21,,,FALSE,Active
50,BEA-PU,UO,21,,,FALSE,Active
52,BEA-RL,UO,22,,,FALSE,Active
53,BEA-RO,UO,21,,,FALSE,Active
54,BEA-RO,UO,22,,,FALSE,Active
55,BEA-SE,UO,21,,,FALSE,Active
56,BEA-SE,UO,22,,,FALSE,Active
58,BEA-SO,UO,21,,,FALSE,Active
60,BEA-TA,UO,21,,,FALSE,Active
61,BEA-TA,UO,23,,,FALSE,Active
63,BEA-TE,UO,21,,,FALSE,Active
65,BEA-TP,UO,22,,,FALSE,Active
66,BEA-TV,UO,20,,,FALSE,Active
67,BEA-VE,UO,20,,,FALSE,Active
70,BEA-ZO,UO,21,,,FALSE,Active
71,FAV-AQ,UO,20,,,FALSE,Active
72,FAV-KA,UO,20,,,FALSE,Active
73,FAV-KA,UO,22,,,FALSE,Active
74,FAV-MP,UO,22,,,FALSE,Active
75,GAR-BK,UO,19,,,FALSE,Active
76,LEN-BL,UO,18,,,FALSE,Active
77,BEE-3B,UO,22,,,FALSE,Active
78,BEE-BO,UO,22,,,FALSE,Active
79,BEE-CH,MP,19,,,FALSE,Active
80,BEE-CH,AS,22,,,FALSE,Active
81,BEE-CR,UO,19,,,FALSE,Active
82,BEE-CR,MP,22,,,FALSE,Active
83,BEE-FK,DH,21,,,FALSE,Active
84,BEE-LU,UO,20,,,FALSE,Active
85,BEE-SH,UO,21,,,FALSE,Active
86,BEE-TG,MP,21,,,FALSE,Active
87,CHA-RA,WG,21,,,FALSE,Active
89,CHA-RH,NF,21,,,FALSE,Active
90,BRO-NO,UO,20,,,FALSE,Active
91,BRO-SO,UO,22,,,FALSE,Active
92,BRO-UM,MP,22,,,FALSE,Active
93,CAB-DO,UO,19,,,FALSE,Active
95,CAB-JK,UO,19,,,FALSE,Active
96,CAB-JK,MP,19,,,FALSE,Active
97,CAB-M2,MP,21,,,FALSE,Active
98,CAB-MA,NF,17,,,FALSE,Active
99,CAB-NS,NF,19,,,FALSE,Active
100,CAU-AY,NF,16,,,FALSE,Active
101,CAU-PR,UO,17,,,FALSE,Active
102,CAU-PR,UO,21,,,FALSE,Active
103,COL-CG,UO,20,,,FALSE,Active
105,KAL-3K,UO,23,,,FALSE,Active
106,KAL-DB,AV,21,,,FALSE,Active
107,KAL-DB,AV,22,,,FALSE,Active
108,KAL-DW,UO,18,,,FALSE,Active
109,KAL-RF,UO,17,,,FALSE,Active
110,KAL-RF,UO,20,,,FALSE,Active
111,KAL-RR,UO,21,,,FALSE,Active
112,MIX-BR,UO,23,,,FALSE,Active
113,CAR-DR,TR,20,,,FALSE,Active
114,CAR-RA,UO,22,,,FALSE,Active
115,CAR-SN,TR,21,,,FALSE,Active
116,CAR-TO,TR,20,,,FALSE,Active
118,CAR-YE,TR,21,,,FALSE,Active
119,CAR-YE,TR,22,,,FALSE,Active
120,CUC-CE,UO,20,,,FALSE,Active
121,CUC-LE,ER,20,,,FALSE,Active
122,CUC-SA,UO,21,,,FALSE,Active
123,CUC-SH,AV,20,,,FALSE,Active
124,CUC-SH,UO,22,,,FALSE,Active
126,CUC-SM,MP,22,,,FALSE,Active
127,CUC-SS,MP,21,,,FALSE,Active
128,CUC-VO,UO,21,,,FALSE,Active
129,MEL-CL,UO,21,,,FALSE,Active
130,MEL-ER,UO,18,,,FALSE,Active
131,MEL-GI,UO,17,,,FALSE,Active
132,MEL-PF,UO,19,,,FALSE,Active
134,WAT-BM,UO,22,,,FALSE,Active
135,WAT-CO,UO,21,,,FALSE,Active
137,WAT-JK,TR,21,,,FALSE,Active
139,EGG-DI,AS,21,,,FALSE,Active
140,EGG-VI,AV,20,,,FALSE,Active
141,EGG-VI,AV,22,,,FALSE,Active
142,PEP-AS,UO,21,,,FALSE,Active
144,PEP-BA,UO,22,,,FALSE,Active
145,PEP-BP,UO,21,,,FALSE,Active
146,PEP-BR,UO,19,,,FALSE,Active
147,PEP-BR,UO,22,,,FALSE,Active
149,PEP-BY,UO,22,,,FALSE,Active
150,PEP-CC,UO,21,,,FALSE,Active
151,PEP-CS,UO,21,,,FALSE,Active
152,PEP-CZ,UO,22,,,FALSE,Active
153,PEP-DH,MP,21,,,FALSE,Active
154,PEP-EE,UO,21,,,FALSE,Active
156,PEP-HP,UO,22,,,FALSE,Active
157,PEP-JN,TR,21,,,FALSE,Active
158,PEP-MP,AV,21,,,FALSE,Active
159,PEP-OK,UO,21,,,FALSE,Active
160,PEP-OK,UO,22,,,FALSE,Active
162,PEP-PA,UO,22,,,FALSE,Active
163,PEP-PM,UO,21,,,FALSE,Active
164,PEP-SG,UO,21,,,FALSE,Active
165,PEP-SP,UO,22,,,FALSE,Active
166,PEP-SP,UO,23,,,FALSE,Active
167,PEP-SR,UO,22,,,FALSE,Active
168,PEP-TM,UO,19,,,FALSE,Active
169,PEP-TM,UO,22,,,FALSE,Active
170,PEP-YN,UO,21,,,FALSE,Active
171,PEP-YN,UO,22,,,FALSE,Active
172,ACH-DD,UO,21,,,FALSE,Active
173,ACH-LP,UO,21,,,FALSE,Active
174,AMA-CF,UO,16,,,FALSE,Active
175,AMA-EH,UO,17,,,FALSE,Active
176,AMA-HB,UO,15,,,FALSE,Active
177,AMA-LL,UO,21,,,FALSE,Active
179,AST-HP,UO,22,,,FALSE,Active
180,AST-TC,UO,21,,,FALSE,Active
181,AST-TC,UO,23,,,FALSE,Active
182,AST-TS,MP,20,,,FALSE,Active
183,AST-TS,MP,22,,,FALSE,Active
184,BAB-BB,UO,20,,,FALSE,Active
185,BAB-BB,UO,22,,,FALSE,Active
186,BAB-FB,UO,19,,,FALSE,Active
187,BFL-AB,UO,22,,,FALSE,Active
188,BUP-GG,UO,22,,,FALSE,Active
189,CAL-MX,UO,21,,,FALSE,Active
190,CAL-ZE,AV,17,,,FALSE,Active
191,CAL-ZE,TR,21,,,FALSE,Active
192,CEL-RP,UO,19,,,FALSE,Active
193,CEL-SC,UO,20,,,FALSE,Active
194,CER-PG,UO,20,,,FALSE,Active
195,CLB-BB,UO,17,,,FALSE,Active
196,CLB-BL,UO,19,,,FALSE,Active
197,CLB-LS,UO,20,,,FALSE,Active
198,CLB-LS,UO,22,,,FALSE,Active
200,COS-CH,UO,21,,,FALSE,Active
201,COS-CH,UO,22,,,FALSE,Active
202,COS-CH,UO,23,,,FALSE,Active
203,COS-DI,UO,21,,,FALSE,Active
205,COS-SP,WG,22,,,FALSE,Active
206,COS-VE,UO,18,,,FALSE,Active
208,COS-VE,TR,22,,,FALSE,Active
209,COS-XS,UO,21,,,FALSE,Active
210,DAT-SA,UO,17,,,FALSE,Active
211,DIA-SO,UO,20,,,FALSE,Active
212,DID-LB,UO,22,,,FALSE,Active
213,ERY-BG,UO,22,,,FALSE,Active
214,FLA-OM,UO,19,,,FALSE,Active
215,FLO-BO,UO,21,,,FALSE,Active
216,FLO-BO,UO,22,,,FALSE,Active
217,FLO-ED,UO,23,,,FALSE,Active
218,FLO-SA,UO,22,,,FALSE,Active
219,FMN-MR,UO,20,,,FALSE,Active
221,FOC-ST,UO,21,,,FALSE,Active
222,FOX-AB,UO,17,,,FALSE,Active
223,FOX-CC,UO,17,,,FALSE,Active
224,FOX-WC,UO,20,,,FALSE,Active
225,FOX-WC,UO,22,,,FALSE,Active
226,FOX-YH,UO,17,,,FALSE,Active
227,GRS-FE,UO,17,,,FALSE,Active
228,GYP-CG,UO,19,,,FALSE,Active
229,HER-CM,UO,22,,,FALSE,Active
230,JAC-BP,UO,18,,,FALSE,Active
231,LAR-BC,UO,22,,,FALSE,Active
233,LAR-EG,MP,22,,,FALSE,Active
234,LAR-PB,UO,21,,,FALSE,Active
235,LAR-PB,UO,22,,,FALSE,Active
236,LAR-SB,MP,20,,,FALSE,Active
237,LAR-WC,TR,22,,,FALSE,Active
238,LUP-DT,UO,22,,,FALSE,Active
239,MAR-FB,TR,20,,,FALSE,Active
241,MAR-GE,UO,20,,,FALSE,Active
242,MAR-GE,UO,22,,,FALSE,Active
243,MAR-PI,UO,22,,,FALSE,Active
244,MGL-GO,UO,16,,,FALSE,Active
245,MIG-AM,UO,19,,,FALSE,Active
247,NAS-AL,UO,20,,,FALSE,Active
248,NAS-TM,TR,20,,,FALSE,Active
249,NAS-TM,UO,21,,,FALSE,Active
250,NAS-TM,UO,22,,,FALSE,Active
251,NIC-LD,UO,22,,,FALSE,Active
252,NIC-LG,UO,19,,,FALSE,Active
253,NIC-OL,UO,17,,,FALSE,Active
254,NIC-PS,UO,18,,,FALSE,Active
255,NIC-PS,UO,23,,,FALSE,Active
256,NIG-BS,UO,18,,,FALSE,Active
257,NIG-BV,UO,17,,,FALSE,Active
258,NIG-DB,UO,16,,,FALSE,Active
259,NIG-EX,UO,20,,,FALSE,Active
260,NIG-EX,UO,22,,,FALSE,Active
261,PHA-BF,UO,21,,,FALSE,Active
262,POP-AG,TR,21,,,FALSE,Active
263,POP-BS,UO,20,,,FALSE,Active
264,POP-BS,UO,23,,,FALSE,Active
265,POP-CA,UO,21,,,FALSE,Active
266,POP-CO,TR,20,,,FALSE,Active
267,POP-DF,MP,21,,,FALSE,Active
268,POP-FA,UO,21,,,FALSE,Active
269,POP-FW,TR,22,,,FALSE,Active
270,POP-MP,UO,16,,,FALSE,Active
271,POP-PA,MP,20,,,FALSE,Active
272,POP-PM,UO,22,,,FALSE,Active
273,POP-ZI,TR,20,,,FALSE,Active
274,RUD-AS,UO,21,,,FALSE,Active
275,RUD-GW,UO,22,,,FALSE,Active
276,RUD-PG,UO,19,,,FALSE,Active
277,RUD-PR,TR,21,,,FALSE,Active
278,RUD-SH,UO,22,,,FALSE,Active
279,SAL-TH,UO,21,,,FALSE,Active
280,SAL-TV,UO,18,,,FALSE,Active
281,SAP-WB,UO,19,,,FALSE,Active
282,SCA-BK,MP,21,,,FALSE,Active
283,SCA-BK,MP,22,,,FALSE,Active
284,SCA-FB,UO,19,,,FALSE,Active
285,SCA-FB,UO,23,,,FALSE,Active
286,SCA-FM,UO,21,,,FALSE,Active
289,SCA-GY,UO,20,,,FALSE,Active
290,SCA-SB,UO,20,,,FALSE,Active
291,SCA-SK,UO,21,,,FALSE,Active
292,SCA-SM,UO,19,,,FALSE,Active
293,SNA-RB,UO,22,,,FALSE,Active
294,STR-AP,UO,21,,,FALSE,Active
296,STR-MF,MP,21,,,FALSE,Active
297,STR-SR,UO,20,,,FALSE,Active
298,STR-SR,UO,23,,,FALSE,Active
299,SUN-GA,MP,21,,,FALSE,Active
300,SUN-GS,UO,22,,,FALSE,Pending
301,SUN-RE,UO,20,,,FALSE,Active
302,SUN-SO,WF,19,,,FALSE,Active
303,SUN-SO,AV,22,,,FALSE,Active
304,SUN-TA,WF,18,,,FALSE,Active
305,SUN-TG,UO,21,,,FALSE,Active
306,SUN-TO,UO,21,,,FALSE,Active
312,SWP-JJ,UO,21,,,FALSE,Active
313,SWP-LB,UO,20,,,FALSE,Active
314,SWP-LB,UO,22,,,FALSE,Active
315,SWP-LC,UO,17,,,FALSE,Active
322,SWP-TL,UO,20,,,FALSE,Active
323,SWP-WN,UO,20,,,FALSE,Active
324,SWP-WR,UO,20,,,FALSE,Active
325,SWP-WR,UO,21,,,FALSE,Active
326,VET-AZ,UO,21,,,FALSE,Active
327,VET-AZ,UO,22,,,FALSE,Active
328,VRB-AS,UO,17,,,FALSE,Active
329,VRB-PM,UO,17,,,FALSE,Active
330,ZIN-BE,WO,20,,,FALSE,Active
332,ZIN-QR,WG,20,,,FALSE,Active
333,ZIN-SR,WO,19,,,FALSE,Active
334,ZIN-ZL,UO,20,,,FALSE,Active
335,ZIN-ZL,MP,22,,,FALSE,Active
337,ZIN-ZP,UO,21,,,FALSE,Active
338,COR-AB,WG,20,,,FALSE,Active
339,COR-AB,WG,21,,,FALSE,Active
340,COR-DB,UO,22,,,FALSE,Active
341,COR-RC,WG,21,,,FALSE,Active
342,COR-TU,WG,21,,,FALSE,Active
343,COR-TU,WG,22,,,FALSE,Active
344,WHE-EB,UO,20,,,FALSE,Active
345,AMA-SU,UO,21,,,FALSE,Active
346,CHI-BQ,AV,22,,,FALSE,Active
347,CHI-IN,UO,20,,,FALSE,Active
348,CHI-IS,UO,19,,,FALSE,Active
349,CHI-MA,UO,18,,,FALSE,Active
350,GRE-AS,UO,20,,,FALSE,Active
351,GRE-BC,AV,19,,,FALSE,Active
352,GRE-BS,UO,20,,,FALSE,Active
353,GRE-ES,UO,21,,,FALSE,Active
354,GRE-GF,UO,18,,,FALSE,Active
355,GRE-GW,WF,19,,,FALSE,Active
356,GRE-MZ,MP,19,,,FALSE,Active
357,GRE-PC,UO,21,,,FALSE,Active
358,GRE-PC,MP,22,,,FALSE,Active
359,GRE-RS,UO,20,,,FALSE,Active
360,GRE-RU,UO,21,,,FALSE,Active
361,GRE-TA,UO,22,,,FALSE,Active
362,GRE-WA,UO,22,,,FALSE,Active
363,GRE-WC,UO,19,,,FALSE,Active
364,SPI-BE,UO,20,,,FALSE,Active
365,SPI-WB,UO,21,,,FALSE,Active
366,SPI-WG,UO,22,,,FALSE,Active
367,HER-AH,UO,21,,,FALSE,Active
368,HER-BC,UO,21,,,FALSE,Active
370,HER-BF,UO,22,,,FALSE,Active
371,HER-EC,UO,22,,,FALSE,Active
372,HER-GC,UO,22,,,FALSE,Active
373,HER-GK,TR,19,,,FALSE,Active
374,HER-HY,UO,21,,,FALSE,Active
376,HER-IL,UO,22,,,FALSE,Active
377,HER-MA,UO,21,,,FALSE,Active
378,HER-ME,UO,19,,,FALSE,Active
380,HER-MP,UO,22,,,FALSE,Active
381,HER-MT,UO,22,,,FALSE,Active
382,HER-PJ,AV,19,,,FALSE,Active
383,HER-SC,UO,21,,,FALSE,Active
384,HER-TU,UO,20,,,FALSE,Active
385,MON-LB,UO,20,,,FALSE,Active
386,MON-LB,UO,23,,,FALSE,Active
387,LET-AD,UO,22,,,FALSE,Active
388,LET-AY,TR,21,,,FALSE,Active
390,LET-BI,UO,21,,,FALSE,Active
391,LET-CI,AV,22,,,FALSE,Active
392,LET-CR,UO,22,,,FALSE,Active
394,LET-DV,AV,22,,,FALSE,Active
395,LET-EM,UO,22,,,FALSE,Active
397,LET-ER,UO,22,,,FALSE,Active
398,LET-FB,UO,21,,,FALSE,Active
400,LET-FT,AV,22,,,FALSE,Active
401,LET-GR,UO,22,,,FALSE,Active
403,LET-HR,UO,22,,,FALSE,Active
404,LET-IT,MP,22,,,FALSE,Active
406,LET-JE,AV,22,,,FALSE,Active
407,LET-LB,AV,21,,,FALSE,Active
408,LET-LG,UO,22,,,FALSE,Active
409,LET-ME,UO,21,,,FALSE,Active
410,LET-ME,UO,22,,,FALSE,Active
411,LET-MQ,UO,22,,,FALSE,Active
412,LET-MX,UO,23,,,FALSE,Active
413,LET-OD,AV,22,,,FALSE,Active
414,LET-QH,UO,21,,,FALSE,Active
415,LET-QH,UO,22,,,FALSE,Active
416,LET-RG,UO,22,,,FALSE,Active
417,LET-RR,UO,21,,,FALSE,Active
419,LET-RV,UO,22,,,FALSE,Active
420,LET-SB,AV,21,,,FALSE,Active
421,LET-SU,UO,22,,,FALSE,Active
422,LET-TB,UO,21,,,FALSE,Active
423,LET-TB,UO,22,,,FALSE,Active
425,BUR-TK,UO,16,,,FALSE,Pending
427,CEL-MO,UO,22,,,FALSE,Active
429,CRD-GN,UO,22,,,FALSE,Active
431,FEN-FI,UO,22,,,FALSE,Active
432,RAD-FB,UO,21,,,FALSE,Active
433,RAD-FB,UO,22,,,FALSE,Active
434,RAD-SO,UO,20,,,FALSE,Active
435,RAD-SO,TR,22,,,FALSE,Active
436,TGC-AM,UO,18,,,FALSE,Active
437,COW-FL,UO,20,,,FALSE,Active
438,PEA-CA,FF,20,,,FALSE,Active
439,PEA-CA,FF,21,,,FALSE,Active
440,PEA-GS,UO,20,,,FALSE,Active
441,PEA-HL,UO,21,,,FALSE,Active
442,PEA-HL,UO,22,,,FALSE,Active
443,PEA-MA,FF,18,,,FALSE,Active
444,PEA-RV,UO,20,,,FALSE,Active
445,PEA-SA,FF,20,,,FALSE,Active
446,PEA-SA,FF,21,,,FALSE,Active
448,PEA-SS,UO,21,,,FALSE,Active
449,PEA-SS,UO,22,,,FALSE,Active
450,PEA-WX,UO,21,,,FALSE,Active
451,PEA-WX,UO,22,,,FALSE,Active
452,PUM-HO,UO,20,,,FALSE,Active
453,PUM-HO,TR,22,,,FALSE,Active
454,PUM-WL,TR,21,,,FALSE,Active
455,SQU-BB,TR,21,,,FALSE,Active
456,SQU-BF,TR,22,,,FALSE,Active
457,SQU-BI,MP,19,,,FALSE,Active
458,SQU-FU,UO,20,,,FALSE,Active
459,SQU-FU,UO,22,,,FALSE,Active
462,SQU-OD,UO,21,,,FALSE,Active
464,SQU-PO,MP,22,,,FALSE,Active
465,SQU-SM,AV,19,,,FALSE,Active
467,SQU-YC,AV,22,,,FALSE,Active
468,SQU-ZE,WO,21,,,FALSE,Active
469,SQU-ZM,WG,20,,,FALSE,Active
470,SQU-ZM,MP,21,,,FALSE,Active
471,ZUC-CR,WG,21,,,FALSE,Pending
472,ZUC-CR,UO,22,,,FALSE,Active
473,ZUC-DS,SR,21,,,FALSE,Active
475,TGC-DM,UO,22,,,FALSE,Active
477,TOM-AF,UO,22,,,FALSE,Active
478,TOM-AL,UO,21,,,FALSE,Active
479,TOM-AN,UO,22,,,FALSE,Active
480,TOM-BC,UO,21,,,FALSE,Active
481,TOM-BL,UO,21,,,FALSE,Active
482,TOM-BP,UO,21,,,FALSE,Active
483,TOM-CA,UO,20,,,FALSE,Pending
484,TOM-CA,UO,22,,,FALSE,Active
485,TOM-CE,UO,21,,,FALSE,Active
486,TOM-FI,UO,21,,,FALSE,Active
488,TOM-GA,UO,22,,,FALSE,Active
489,TOM-GG,UO,22,,,FALSE,Active
491,TOM-GM,UO,21,,,FALSE,Active
492,TOM-GM,UO,22,,,FALSE,Active
493,TOM-GS,,21,,,FALSE,Active
494,TOM-IH,UO,21,,,FALSE,Pending
495,TOM-IH,UO,22,,,FALSE,Active
496,TOM-JF,UO,20,,,FALSE,Pending
497,TOM-JF,UO,21,,,FALSE,Active
499,TOM-KO,UO,22,,,FALSE,Active
500,TOM-LA,UO,21,,,FALSE,Active
501,TOM-MA,UO,22,,,FALSE,Active
502,TOM-MG,UO,21,,,FALSE,Active
503,TOM-MG,UO,22,,,FALSE,Active
504,TOM-MY,UO,21,,,FALSE,Active
505,TOM-MY,UO,22,,,FALSE,Active
507,TOM-NE,UO,22,,,FALSE,Active
508,TOM-NR,UO,20,,,FALSE,Active
509,TOM-NR,UO,22,,,FALSE,Active
510,TOM-PI,UO,20,,,FALSE,Active
512,TOM-RF,UO,22,,,FALSE,Active
514,TOM-RP,UO,22,,,FALSE,Active
516,TOM-SH,UO,22,,,FALSE,Active
518,TOM-SL,UO,22,,,FALSE,Active
519,TOM-SO,UO,21,,,FALSE,Active
520,TOM-SO,UO,22,,,FALSE,Active
521,TOM-ST,UO,22,,,FALSE,Active
522,TOM-SW,UO,20,,,FALSE,Active
523,TOM-SW,UO,21,,,FALSE,Active
524,TOM-VZ,UO,20,,,FALSE,Active
525,TOM-VZ,UO,22,,,FALSE,Active
526,POP-LP,UO,22,,,FALSE,Active
527,FOC-FT,UO,22,,,FALSE,Active
528,MEL-MO,UO,22,,,FALSE,Active
529,SWP-WF,UO,22,,,FALSE,Active
530,TGC-QM,UO,22,,,FALSE,Active
531,PEP-LY,UO,22,,,FALSE,Active
532,PEP-BM,UO,22,,,FALSE,Active
533,PEP-TU,UO,22,,,FALSE,Active
535,ZIN-QP,UO,22,,,FALSE,Active
536,BEA-SB,UO,22,,,FALSE,Active
537,BEA-SB,UO,23,,,FALSE,Active
539,LEE-BW,AV,23,,,FALSE,Active
540,LEE-NE,TR,23,,,FALSE,Active
541,ONI-ER,MP,23,,,FALSE,Active
542,ONI-IS,UO,23,,,FALSE,Active
543,BEA-BP,UO,23,,,FALSE,Active
544,BEA-HP,UO,23,,,FALSE,Active
545,BEA-HU,UO,23,,,FALSE,Active
546,BEA-IC,UO,23,,,FALSE,Active
547,BEA-JG,UO,23,,,FALSE,Active
548,BEA-MV,UO,23,,,FALSE,Active
549,BEA-PE,UO,23,,,FALSE,Active
550,BEA-TP,UO,23,,,FALSE,Active
551,FAV-MP,UO,23,,,FALSE,Active
552,GAR-BK,UO,23,,,FALSE,Active
553,BEE-3B,UO,24,,,FALSE,Active
554,CHA-RA,DH,23,,,FALSE,Active
555,BRO-NO,AV,23,,,FALSE,Active
556,CAB-DO,MF,23,,,FALSE,Active
557,CAB-M2,MP,23,,,FALSE,Active
558,CAU-PR,UO,23,,,FALSE,Active
559,KAL-DB,AV,23,,,FALSE,Active
560,KAL-DW,,23,,,FALSE,Active
561,MIX-BR,UO,24,,,FALSE,Active
562,CAR-DR,TR,23,,,FALSE,Active
563,CAR-RA,UO,23,,,FALSE,Active
564,CAR-RA,UO,24,,,FALSE,Active
565,CAR-TO,TR,23,,,FALSE,Active
566,CUC-SM,MP,23,,,FALSE,Active
567,MEL-GI,UO,23,,,FALSE,Active
568,WAT-BM,UO,23,,,FALSE,Active
569,PEP-AS,UO,23,,,FALSE,Active
570,PEP-BA,UO,23,,,FALSE,Active
571,PEP-BP,UO,23,,,FALSE,Active
572,PEP-CC,UO,23,,,FALSE,Active
573,PEP-CZ,UO,23,,,FALSE,Active
574,PEP-YN,UO,23,,,FALSE,Active
575,AMA-EH,UO,23,,,FALSE,Active
576,AMA-OP,UO,23,,,FALSE,Active
577,BAB-FB,UO,23,,,FALSE,Active
578,CAL-MX,UO,23,,,FALSE,Active
579,CER-PG,UO,23,,,FALSE,Active
580,CLB-BL,UO,23,,,FALSE,Active
581,CLE-VQ,UO,23,,,FALSE,Active
582,COS-DI,UO,23,,,FALSE,Active
583,COS-VE,FL,23,,,FALSE,Active
584,DAT-SA,UO,23,,,FALSE,Active
585,ERY-BG,UO,23,,,FALSE,Active
586,FLA-OM,UO,23,,,FALSE,Active
587,FLO-ED,UO,24,,,FALSE,Active
588,FOX-WC,UO,23,,,FALSE,Active
589,LAR-WC,UO,23,,,FALSE,Active
590,LUP-DT,UO,23,,,FALSE,Active
591,NAS-AL,UO,23,,,FALSE,Active
592,NIC-OL,UO,23,,,FALSE,Active
593,NIG-BV,FL,23,,,FALSE,Active
594,NIG-DB,UO,23,,,FALSE,Active
595,POP-AG,FL,23,,,FALSE,Active
596,POP-MP,CF,23,,,FALSE,Active
597,RUD-GW,UO,23,,,FALSE,Active
598,SAP-WB,UO,23,,,FALSE,Active
599,SCA-SB,UO,22,,,FALSE,Active
600,SCA-SK,UO,22,,,FALSE,Active
601,SUN-GA,UO,23,,,FALSE,Active
602,SUN-GS,AV,23,,,FALSE,Active
603,SWP-AP,LS,23,,,FALSE,Active
604,SWP-BR,FS,23,,,FALSE,Active
605,SWP-FN,LS,23,,,FALSE,Active
606,SWP-HS,FS,23,,,FALSE,Active
607,SWP-JJ,FS,23,,,FALSE,Active
608,SWP-KF,UO,23,,,FALSE,Active
609,SWP-LB,UO,23,,,FALSE,Active
610,SWP-MR,LS,23,,,FALSE,Active
611,SWP-MW,LS,23,,,FALSE,Active
612,SWP-NI,LS,23,,,FALSE,Active
613,SWP-SZ,LS,23,,,FALSE,Active
614,SWP-TL,FS,23,,,FALSE,Active
615,SWP-WN,FS,23,,,FALSE,Active
616,COR-AB,UO,23,,,FALSE,Active
617,COR-FL,WG,23,,,FALSE,Active
618,COR-PM,SN,23,,,FALSE,Active
619,WHE-BE,UO,23,,,FALSE,Active
620,WHE-BE,SW,23,,,FALSE,Active
621,WHE-EB,UO,23,,,FALSE,Active
622,CHI-MA,UO,23,,,FALSE,Active
623,GRE-GW,UO,23,,,FALSE,Active
624,GRE-MZ,UO,23,,,FALSE,Active
625,SPI-BE,UO,23,,,FALSE,Active
626,HER-BC,UO,23,,,FALSE,Active
627,HER-EC,UO,23,,,FALSE,Active
628,HER-GK,TR,23,,,FALSE,Active
629,HER-IL,UO,23,,,FALSE,Active
630,HER-MP,UO,23,,,FALSE,Active
631,HER-PJ,AV,22,,,FALSE,Active
632,LET-AB,UO,23,,,FALSE,Active
633,LET-AY,UO,23,,,FALSE,Active
634,LET-BG,UO,23,,,FALSE,Active
635,LET-BI,UO,23,,,FALSE,Active
636,LET-ER,UO,23,,,FALSE,Active
637,LET-FB,UO,23,,,FALSE,Active
638,LET-GA,AV,23,,,FALSE,Active
639,LET-MA,AV,23,,,FALSE,Active
640,LET-MX,UO,24,,,FALSE,Active
641,LET-OS,AV,23,,,FALSE,Active
642,LET-PI,TR,23,,,FALSE,Active
643,LET-RR,UO,23,,,FALSE,Active
644,LET-WD,UO,23,,,FALSE,Active
645,RAD-SO,UO,23,,,FALSE,Active
646,PEA-CA,FF,23,,,FALSE,Active
647,PEA-MA,FF,23,,,FALSE,Active
648,PEA-RV,UO,23,,,FALSE,Active
649,PEA-SA,FF,23,,,FALSE,Pending
650,PEA-SR,UO,23,,,FALSE,Active
651,PEA-SR,FF,23,,,FALSE,Active
652,PUM-LP,TR,23,,,FALSE,Active
653,PUM-WL,UO,23,,,FALSE,Active
654,SQU-BB,UO,23,,,FALSE,Active
655,SQU-BF,UO,23,,,FALSE,Active
656,SQU-BI,TR,23,,,FALSE,Active
657,ACH-DD,UO,22,,,FALSE,Active
658,SQU-SM,AV,23,,,FALSE,Active
659,SQU-ZE,AV,23,,,FALSE,Active
660,TOM-BL,UO,23,,,FALSE,Active
661,TOM-CA,UO,23,,,FALSE,Active
662,TOM-GS,UO,23,,,FALSE,Active
663,TOM-MG,UO,23,,,FALSE,Active
664,TOM-MY,UO,23,,,FALSE,Active
665,TOM-PI,UO,23,,,FALSE,Active
666,FOC-FT,UO,23,,,FALSE,Active
667,TGC-QM,UO,23,,,FALSE,Active
668,TOM-PG,UO,23,,,FALSE,Active
669,TOM-PR,UO,23,,,FALSE,Active
670,PEP-SU,UO,23,,,FALSE,Active
671,EGG-RO,UO,23,,,FALSE,Active
672,SNA-OW,UO,23,,,FALSE,Active
673,SQU-SR,MP,23,,,FALSE,Active
674,NIC-BQ,UO,23,,,FALSE,Active
675,HER-VE,UO,23,,,FALSE,Active
676,BEA-GR,EO,21,,,FALSE,Active
677,TOM-CL,UO,23,,,FALSE,Active
678,TOM-SB,UO,23,,,FALSE,Active
679,TOM-MS,UO,23,,,FALSE,Active
680,TOM-TA,UO,23,,,FALSE,Active
681,FOC-BE,UO,23,,,FALSE,Active
682,LEE-NE,AV,24,,,FALSE,Active
683,ONI-RM,UO,24,,,FALSE,Active
684,BEA-AT,UO,24,,,FALSE,Active
685,BEA-BG,UO,24,,,FALSE,Active
686,BEA-BI,UO,24,,,FALSE,Active
687,BEA-CI,UO,24,,,FALSE,Active
688,BEA-DR,EO,22,,,FALSE,Active
689,BEA-FO,UO,24,,,FALSE,Active
690,BEA-GI,UO,24,,,FALSE,Active
691,BEA-JC,UO,24,,,FALSE,Active
692,BEA-KM,UO,24,,,FALSE,Active
693,BEA-KY,UO,24,,,FALSE,Active
694,BEA-MX,UO,24,,,FALSE,Active
695,BEA-PR,EO,22,,,FALSE,Active
696,BEA-PU,UO,24,,,FALSE,Active
697,BEA-RL,UO,24,,,FALSE,Active
698,BEA-TA,UO,24,,,FALSE,Active
699,BEA-TE,UO,24,,,FALSE,Active
700,BEA-TV,UO,24,,,FALSE,Active
701,FAV-KA,UO,24,,,FALSE,Active
702,BEE-CR,UO,24,,,FALSE,Active
703,BEE-TG,MP,24,,,FALSE,Active
704,BRO-SM,UO,24,,,FALSE,Active
706,CAB-FK,UO,24,,,FALSE,Active
707,CAB-NS,UO,24,,,FALSE,Active
708,CAU-PR,MF,24,,,FALSE,Active
709,MIX-BR,UO,25,,,FALSE,Active
710,CAR-CO,AV,24,,,FALSE,Active
711,CAR-RA,UO,25,,,FALSE,Active
712,CAR-SN,TR,24,,,FALSE,Active
713,CUC-CE,UO,24,,,FALSE,Active
714,MEL-PF,TR,24,,,FALSE,Active
715,WAT-BM,TR,24,,,FALSE,Active
716,PEP-AS,UO,24,,,FALSE,Active
717,PEP-BA,WG,24,,,FALSE,Active
718,PEP-BA,UO,24,,,FALSE,Active
719,PEP-BM,UO,24,,,FALSE,Active
720,PEP-BP,AV,24,,,FALSE,Active
721,PEP-CC,UO,24,,,FALSE,Active
722,PEP-DH,TR,24,,,FALSE,Active
723,PEP-JN,CF,23,,,FALSE,Active
724,PEP-LY,AV,24,,,FALSE,Active
725,PEP-RM,UO,24,,,FALSE,Active
726,PEP-PM,UO,24,,,FALSE,Active
727,PEP-SG,UO,24,,,FALSE,Active
728,PEP-SP,AV,24,,,FALSE,Active
729,PEP-SR,TR,24,,,FALSE,Active
730,PEP-YN,AV,24,,,FALSE,Active
731,AMA-CF,UO,24,,,FALSE,Active
732,AMA-HB,UO,24,,,FALSE,Active
733,AST-HH,MP,24,,,FALSE,Active
734,AST-HP,UO,24,,,FALSE,Active
735,BAB-BB,UO,24,,,FALSE,Active
736,CEL-SC,UO,24,,,FALSE,Active
737,COS-CH,UO,24,,,FALSE,Active
738,COS-CW,TR,24,,,FALSE,Active
739,COS-SP,AV,24,,,FALSE,Active
740,COS-VE,WG,24,,,FALSE,Active
741,CRP-RO,UO,22,,,FALSE,Active
742,ERY-BG,UO,24,,,FALSE,Active
743,FLO-BO,UO,24,,,FALSE,Active
744,FLO-ED,UO,25,,,FALSE,Active
745,FOC-FM,UO,24,,,FALSE,Active
746,FOX-AB,UO,24,,,FALSE,Active
747,LAR-EG,AV,24,,,FALSE,Active
748,LAR-SB,UO,24,,,FALSE,Active
749,MAR-FB,UO,24,,,FALSE,Active
750,NAS-AL,UO,24,,,FALSE,Active
751,NIC-LG,UO,24,,,FALSE,Active
752,NIC-PS,UO,24,,,FALSE,Active
753,NIG-BV,TR,24,,,FALSE,Active
754,NIG-DB,UO,24,,,FALSE,Active
755,PHA-BF,UO,24,,,FALSE,Active
756,POP-AG,UO,24,,,FALSE,Active
757,POP-CA,UO,24,,,FALSE,Active
758,POP-FA,UO,24,,,FALSE,Active
759,POP-PM,UO,24,,,FALSE,Active
760,POP-ZI,FL,24,,,FALSE,Active
761,RUD-PG,UO,24,,,FALSE,Active
762,RUD-PR,TR,24,,,FALSE,Active
763,SAL-TH,UO,24,,,FALSE,Active
764,SAL-TV,UO,24,,,FALSE,Active
765,SAL-WS,UO,22,,,FALSE,Active
766,SAP-WB,UO,24,,,FALSE,Active
767,SCA-BK,FL,24,,,FALSE,Active
768,SCA-FB,UO,24,,,FALSE,Active
769,SCA-GY,UO,24,,,FALSE,Active
770,SCA-SM,UO,24,,,FALSE,Active
771,SNA-OW,UO,24,,,FALSE,Active
772,SUN-RE,UO,24,,,FALSE,Active
773,SUN-TA,WG,24,,,FALSE,Active
774,SWP-AB,LS,24,,,FALSE,Active
775,SWP-AP,FS,24,,,FALSE,Active
776,SWP-PO,UO,24,,,FALSE,Active
777,SWP-RE,LS,24,,,FALSE,Active
778,SWP-WF,FS,24,,,FALSE,Active
779,SWP-WR,FS,24,,,FALSE,Active
780,VRB-AS,UO,24,,,FALSE,Active
781,VRB-PM,UO,24,,,FALSE,Active
782,ZIN-BE,WG,24,,,FALSE,Active
783,ZIN-IS,MP,24,,,FALSE,Active
784,ZIN-OC,UO,24,,,FALSE,Active
785,ZIN-QP,TR,24,,,FALSE,Active
786,COR-PM,SN,24,,,FALSE,Active
787,GRE-AS,UO,24,,,FALSE,Active
788,GRE-GF,UO,24,,,FALSE,Active
789,GRE-MZ,MP,24,,,FALSE,Active
790,GRE-RU,UO,24,,,FALSE,Active
791,GRE-WC,UO,24,,,FALSE,Active
792,SPI-WB,UO,24,,,FALSE,Active
793,HER-CM,UO,24,,,FALSE,Active
794,HER-EC,UO,24,,,FALSE,Active
795,HER-HY,UO,24,,,FALSE,Active
796,HER-MA,UO,24,,,FALSE,Active
797,HER-ME,UO,24,,,FALSE,Active
798,HER-MT,UO,24,,,FALSE,Active
799,HER-PJ,AV,23,,,FALSE,Active
800,HER-GP,AV,24,,,FALSE,Active
801,HER-ZO,UO,24,,,FALSE,Active
802,MON-LB,UO,24,,,FALSE,Active
803,LET-AB,UO,24,,,FALSE,Active
804,LET-ER,UO,24,,,FALSE,Active
805,LET-LB,AV,23,,,FALSE,Active
806,LET-ME,UO,24,,,FALSE,Active
807,LET-MQ,UO,24,,,FALSE,Active
808,LET-MX,UO,25,,,FALSE,Active
809,LET-PI,UO,24,,,FALSE,Active
810,LET-SB,UO,24,,,FALSE,Active
811,FEN-FI,AV,23,,,FALSE,Active
812,PAR-SS,AV,24,,,FALSE,Active
813,RAD-GL,UO,24,,,FALSE,Active
814,STB-AW,UO,24,,,FALSE,Active
815,TGC-AM,UO,24,,,FALSE,Active
816,PEA-SA,FF,24,,,FALSE,Active
817,PEA-SR,UO,24,,,FALSE,Active
818,PEA-SS,UO,24,,,FALSE,Active
819,SQU-BF,AV,24,,,FALSE,Active
820,ZUC-CR,CF,24,,,FALSE,Active
821,ZUC-DS,UO,24,,,FALSE,Active
822,TOM-AL,UO,24,,,FALSE,Active
823,TOM-AN,UO,24,,,FALSE,Active
824,TOM-CE,UO,24,,,FALSE,Active
825,TOM-CL,UO,24,,,FALSE,Active
826,TOM-FI,UO,24,,,FALSE,Active
827,TOM-GM,AV,24,,,FALSE,Active
828,TOM-IH,UO,24,,,FALSE,Active
829,TOM-JF,UO,24,,,FALSE,Active
830,TOM-KK,UO,24,,,FALSE,Active
831,TOM-LA,AV,24,,,FALSE,Active
832,TOM-MS,UO,24,,,FALSE,Active
833,TOM-PG,UO,24,,,FALSE,Active
834,TOM-PR,UO,24,,,FALSE,Active
835,TOM-SB,UO,24,,,FALSE,Active
836,TOM-SH,UO,24,,,FALSE,Active
837,TOM-TA,UO,24,,,FALSE,Active
838,TOM-VZ,UO,24,,,FALSE,Active
839,SWP-CW,FS,24,,,FALSE,Active
840,SWP-EM,LS,24,,,FALSE,Active
841,SMA-BB,SM,22,,22BB04,FALSE,Active
842,SMA-BT,SM,22,,22BB06,FALSE,Active
843,SMA-FC,SM,22,,22BFC06,FALSE,Active
844,SMA-LA,SM,23,,23BOP47_G,FALSE,Active
845,SMA-MR,SM,21,,21BOS14,FALSE,Active
846,SMA-VM,SM,23,,23VMV04,FALSE,Active
847,SMA-AC,SM,21,,CV836_SC,FALSE,Active
848,SMA-BO,SM,22,,TVT822,FALSE,Active
849,SMA-ET,SM,18,,EX7756,FALSE,Active
850,SMA-FX,SM,20,,EX7750,FALSE,Active
851,SMA-MD,SM,22,,GA827_1_P1,FALSE,Active
852,SMA-MT,SM,18,,7763,FALSE,Active
853,SMA-PQ,SM,18,,EX7758,FALSE,Active
854,SMA-RS,SM,20,,R0931,FALSE,Active
855,SMA-SE,SM,22,,G440,FALSE,Active
856,SMA-SG,SM,18,,LU926,FALSE,Active
857,SMA-VE,SM,18,,EX7751,FALSE,Active
858,SMA-VG,SM,19,,GOR625,FALSE,Active
859,TOM-DC,UO,22,,,FALSE,Active
