sku_prefix,sku_suffix,lineitem_name
BEA-CA,pkt,"Bean, Bush Dry, 'Calypso ' - Pkt"
BEA-CA,1/2lb,"Bean, Bush Dry, 'Calypso ' - 1/2 lb"
BEA-CA,1lb,"Bean, Bush Dry, 'Calypso ' - 1 lb"
BEA-HP,pkt,"Bean, Bush Dry, 'Cocaigne' - Pkt"
BEA-HP,1/2lb,"Bean, Bush Dry, 'Cocaigne' - 1/2 lb"
BEA-HP,1lb,"Bean, Bush Dry, 'Cocaigne' - 1 lb"
BEA-HR,pkt,"Bean, Bush Dry, 'Hungarian Rice Bean' - Pkt"
BEA-HR,1/2lb,"Bean, Bush Dry, 'Hungarian Rice Bean' - 1/2 lb"
BEA-HR,1lb,"Bean, Bush Dry, 'Hungarian Rice Bean' - 1 lb"
BEA-HU,pkt,"Bean, Bush Dry, 'Hutterite' - Pkt"
BEA-HU,1/2lb,"Bean, Bush Dry, 'Hutterite' - 1/2 lb"
BEA-HU,1lb,"Bean, Bush Dry, 'Hutterite' - 1 lb"
BEA-IC,pkt,"Bean, Bush Dry, 'Ireland Creek Annie' - Pkt"
BEA-IC,1/2lb,"Bean, Bush Dry, 'Ireland Creek Annie' - 1/2 lb"
BEA-IC,1lb,"Bean, Bush Dry, 'Ireland Creek Annie' - 1 lb"
BEA-JC,pkt,"Bean, Bush Dry, 'Jacob's Cattle' - Pkt"
BEA-JC,1/2lb,"Bean, Bush Dry, 'Jacob's Cattle' - 1/2 lb"
BEA-JC,1lb,"Bean, Bush Dry, 'Jacob's Cattle' - 1 lb"
BEA-JG,pkt,"Bean, Bush Dry, 'Jacob's Gold' - Pkt"
BEA-JG,1/2lb,"Bean, Bush Dry, 'Jacob's Gold' - 1/2 lb"
BEA-JG,1lb,"Bean, Bush Dry, 'Jacob's Gold' - 1 lb"
BEA-KY,pkt,"Bean, Bush Dry, 'Kenearly Yellow Eye' - Pkt"
BEA-KY,1/2lb,"Bean, Bush Dry, 'Kenearly Yellow Eye' - 1/2 lb"
BEA-KY,1lb,"Bean, Bush Dry, 'Kenearly Yellow Eye' - 1 lb"
BEA-LC,pkt,"Bean, Bush Dry, 'Lina Sisco's Bird Egg' - Pkt"
BEA-LC,1/2lb,"Bean, Bush Dry, 'Lina Sisco's Bird Egg' - 1/2 lb"
BEA-LC,1lb,"Bean, Bush Dry, 'Lina Sisco's Bird Egg' - 1 lb"
BEA-MX,pkt,"Bean, Bush Dry, 'Marfax' - Pkt"
BEA-MX,1/2lb,"Bean, Bush Dry, 'Marfax' - 1/2 lb"
BEA-MX,1lb,"Bean, Bush Dry, 'Marfax' - 1 lb"
BEA-PU,pkt,"Bean, Bush Dry, 'Purgatorio' - Pkt"
BEA-PU,1/2lb,"Bean, Bush Dry, 'Purgatorio' - 1/2 lb"
BEA-RO,pkt,"Bean, Bush Dry, 'Rockwell' - Pkt"
BEA-RO,1/2lb,"Bean, Bush Dry, 'Rockwell' - 1/2 lb"
BEA-RO,1lb,"Bean, Bush Dry, 'Rockwell' - 1 lb"
BEA-RO,2.5lb,
BEA-RO,5lb,"Bean, Bush Dry, 'Rockwell' - 5 lb"
BEA-RL,pkt,"Bean, Bush Dry, 'Rosso di Lucca' - Pkt"
BEA-RL,1/2lb,"Bean, Bush Dry, 'Rosso di Lucca' - 1/2 lb"
BEA-RL,1lb,"Bean, Bush Dry, 'Rosso di Lucca' - 1 lb"
BEA-RL,2.5lb,
BEA-RL,5lb,"Bean, Bush Dry, 'Rosso di Lucca' - 5 lb"
BEA-TE,pkt,"Bean, Bush Dry, 'Tiger's Eye' - Pkt"
BEA-TE,1/2lb,"Bean, Bush Dry, 'Tiger's Eye' - 1/2 lb"
BEA-TE,1lb,"Bean, Bush Dry, 'Tiger's Eye' - 1 lb"
BEA-VE,pkt,"Bean, Bush Dry, 'Verdon' - Pkt"
BEA-VE,1/2lb,"Bean, Bush Dry, 'Verdon' - 1/2 lb"
BEA-VE,1lb,"Bean, Bush Dry, 'Verdon' - 1 lb"
BEA-ZO,pkt,"Bean, Bush Dry, 'Zolfino' - Pkt"
BEA-ZO,1/2lb,"Bean, Bush Dry, 'Zolfino' - 1/2 lb"
BEA-ZO,1lb,"Bean, Bush Dry, 'Zolfino' - 1 lb"
BEA-FL,pkt,"Bean, Bush Dry, 'Flageolet Vert' - Pkt"
BEA-FL,1/2lb,"Bean, Bush Dry, 'Flageolet Vert' - 1/2 lb"
BEA-FL,1lb,"Bean, Bush Dry, 'Flageolet Vert' - 1 lb"
BEA-BP,pkt,"Bean, Bush Snap, 'Blooming Prairie' - Pkt"
BEA-BP,1/2lb,"Bean, Bush Snap, 'Blooming Prairie' - 1/2 lb"
BEA-BP,1lb,"Bean, Bush Snap, 'Blooming Prairie' - 1 lb"
BEA-DR,pkt,"Bean, Bush Snap, 'Dragon Langerie' - Pkt"
BEA-DR,1/2lb,"Bean, Bush Snap, 'Dragon Langerie' - 1/2 lb"
BEA-DR,1lb,"Bean, Bush Snap, 'Dragon Langerie' - 1 lb"
BEA-EM,pkt,"Bean, Bush Snap, 'Empress' - Pkt"
BEA-EM,1/2lb,"Bean, Bush Snap, 'Empress' - 1/2 lb"
BEA-EM,1lb,"Bean, Bush Snap, 'Empress' - 1 lb"
BEA-EM,2.5lb,
BEA-EM,5lb,"Bean, Bush Snap, 'Empress' - 5 lb"
BEA-PR,pkt,"Bean, Bush Snap, 'Provider' - Pkt"
BEA-PR,1/2lb,"Bean, Bush Snap, 'Provider' - 1/2 lb"
BEA-PR,1lb,"Bean, Bush Snap, 'Provider' - 1 lb"
BEA-PR,2.5lb,
BEA-PR,5lb,"Bean, Bush Snap, 'Provider' - 5 lb"
BEA-TP,pkt,"Bean, Bush Snap 'Tanya's Pink Pod' - Pkt"
BEA-TP,1/2lb,"Bean, Bush Snap 'Tanya's Pink Pod' - 1/2 lb"
BEA-TP,1lb,"Bean, Bush Snap 'Tanya's Pink Pod' - 1 lb"
FAV-AQ,pkt,"Fava, 'Aquadulce' - Pkt"
FAV-AQ,1/2lb,"Fava, 'Aquadulce' - 1/2 lb"
FAV-AQ,1lb,"Fava, 'Aquadulce' - 1 lb"
FAV-KA,pkt,"Fava, 'Karmazyn' - Pkt"
FAV-KA,1/2lb,"Fava, 'Karmazyn' - 1/2 lb"
FAV-KA,1lb,"Fava, 'Karmazyn' - 1 lb"
FAV-MP,pkt,"Fava, 'Masterpiece' - Pkt"
FAV-MP,1/2lb,"Fava, 'Masterpiece' - 1/2 lb"
FAV-MP,1lb,"Fava, 'Masterpiece' - 1 lb"
GAR-BK,pkt,"Garbanzo, 'Black Kabouli' - Pkt"
GAR-BK,1/2lb,"Garbanzo, 'Black Kabouli' - 1/2 lb"
GAR-BK,1lb,"Garbanzo, 'Black Kabouli' - 1 lb"
BEA-CI,pkt,Cicerchia - Pkt
BEA-CI,1/2lb,Cicerchia - 1/2 lb
BEA-TA,pkt,"Bean, Pole Dry, 'Alaric' - Pkt"
BEA-TA,1/2lb,"Bean, Pole Dry, 'Alaric' - 1/2 lb"
BEA-AT,pkt,"Bean, Pole Dry, 'Tolosa' - Pkt"
BEA-AT,1/2lb,"Bean, Pole Dry, 'Tolosa' - 1/2 lb"
BEA-AJ,pkt,"Bean, Pole Dry, 'Annie Jackson' - Pkt"
BEA-AJ,1/2lb,"Bean, Pole Dry, 'Annie Jackson' - 1/2 lb"
BEA-BG,pkt,"Bean, Pole Dry, 'Borlotto Gaston' - Pkt"
BEA-BG,1/2lb,"Bean, Pole Dry, 'Borlotto Gaston' - 1/2 lb"
BEA-BG,1lb,"Bean, Pole Dry, 'Borlotto Gaston' - 1 lb"
BEA-PA,pkt,"Bean, Pole Dry, 'Papa de Rola' - Pkt"
BEA-PA,1/2lb,"Bean, Pole Dry, 'Papa de Rola' - 1/2 lb"
BEA-PE,pkt,"Bean, Pole Dry, 'Pellegrini' - Pkt"
BEA-PE,1/2lb,"Bean, Pole Dry, 'Pellegrini' - 1/2 lb"
BEA-PE,1lb,"Bean, Pole Dry, 'Pellegrini' - 1 lb"
BEA-SO,pkt,"Bean, Pole Dry, 'Pescia' - Pkt"
BEA-SO,1/2lb,"Bean, Pole Dry, 'Pescia' - 1/2 lb"
BEA-FO,pkt,"Bean, Pole Snap, 'Fortex' - Pkt"
BEA-FO,1/2lb,"Bean, Pole Snap, 'Fortex' - 1/2 lb"
BEA-MV,pkt,"Bean, Pole Snap, 'Marvel of Venice' - Pkt"
BEA-MV,1/2lb,"Bean, Pole Snap, 'Marvel of Venice' - 1/2 lb"
BEA-TV,pkt,"Bean, Pole Snap, 'Trionfo Violetto' - Pkt"
BEA-TV,1/2lb,"Bean, Pole Snap, 'Trionfo Violetto' - 1/2 lb"
BEA-SE,pkt,"Bean, Pole Runner, 'Scarlet Emperor' - Pkt"
BEA-SE,1/2lb,"Bean, Pole Runner, 'Scarlet Emperor' - 1/2 lb"
BEE-3B,pkt,"Beet, '3 Beet Mix' - Pkt"
BEE-BO,pkt,"Beet, 'Boston' - Pkt"
BEE-BO,1/2oz,
BEE-BO,1oz,"Beet, 'Boston' - 1oz"
BEE-BO,1/4lb,"Beet, 'Boston' - 1/4lb"
BEE-BO,1lb,"Beet, 'Boston' - 1lb"
BEE-CH,pkt,"Beet, 'Chioggia' - Pkt"
BEE-CH,1/2oz,
BEE-CH,1oz,"Beet, 'Chioggia' - 1oz"
BEE-CH,1/4lb,"Beet, 'Chioggia' - 1/4lb"
BEE-CH,1lb,"Beet, 'Chioggia' - 1lb"
BEE-CR,pkt,"Beet, 'Crapaudine' - Pkt"
BEE-CR,1/2oz,
BEE-CR,1oz,"Beet, 'Crapaudine' - 1oz"
BEE-CR,1/4lb,"Beet, 'Crapaudine' - 1/4lb"
BEE-CR,1/2lb,
BEE-CR,1lb,"Beet, 'Crapaudine' - 1lb"
BEE-CR,5lb,"Beet, 'Crapaudine' - 5 lb"
BEE-FK,pkt,"Beet, 'Feuer Kugel' - Pkt"
BEE-FK,1/2oz,
BEE-FK,1oz,"Beet, 'Feuer Kugel' - 1oz"
BEE-FK,1/4lb,"Beet, 'Feuer Kugel' - 1/4lb"
BEE-FK,1lb,"Beet, 'Feuer Kugel' - 1lb"
BEE-LU,pkt,"Beet, 'Lutz Green Leaf' - Pkt"
BEE-LU,1/2oz,
BEE-LU,1oz,"Beet, 'Lutz Green Leaf' - 1oz"
BEE-LU,1/4lb,"Beet, 'Lutz Green Leaf' - 1/4lb"
BEE-LU,1lb,"Beet, 'Lutz Green Leaf' - 1lb"
BEE-LU,5lb,"Beet, 'Lutz Green Leaf' - 5lb"
BEE-SH,pkt,"Beet, 'Shiraz Tall Top' - Pkt"
BEE-SH,1/2oz,
BEE-SH,1oz,"Beet, 'Shiraz Tall Top' - 1oz"
BEE-SH,1/4lb,"Beet, 'Shiraz Tall Top' - 1/4lb"
BEE-SH,1/2lb,
BEE-SH,1lb,"Beet, 'Shiraz Tall Top' - 1lb"
BEE-TG,pkt,"Beet, 'Touchstone Gold' - Pkt"
BEE-TG,1/2oz,
BEE-TG,1oz,"Beet, 'Touchstone Gold' - 1oz"
BEE-TG,1/4lb,"Beet, 'Touchstone Gold' - 1/4lb"
GRE-PC,pkt,"Bok Choi, 'Prize Choi' - Pkt"
GRE-PC,1/4oz,"Bok Choi, 'Prize Choi' - 1/4 oz"
GRE-PC,1oz,"Bok Choi, 'Prize Choi' - 1 oz"
BRO-UM,pkt,"Broccoli, 'Umpqua' - Pkt"
BRO-UM,1/4oz,"Broccoli, 'Umpqua' - 1/4 oz"
BRO-UM,1oz,"Broccoli, 'Umpqua' - 1 oz"
BRO-SO,pkt,"Broccoli, 'Solstice' - Pkt"
BRO-SO,1/4oz,"Broccoli, 'Solstice' - 1/4 oz"
BRO-SO,1oz,"Broccoli, 'Solstice' - 1 oz"
BRO-SO,1/4lb,"Broccoli, 'Solstice' - 1/4 lb"
BRO-SO,1lb,"Broccoli, 'Solstice' - 1 lb"
SMA-FC,pkt,"Broccoli, 'Broccolo Fiolaro di Creazzo' - Pkt"
SMA-FC,500s,"Broccoli, 'Broccolo Fiolaro di Creazzo' - 500 seeds"
SMA-FC,1Ms,"Broccoli, 'Broccolo Fiolaro di Creazzo' - 1000 seeds"
SMA-FC,5Ms,"Broccoli, 'Broccolo Fiolaro di Creazzo' - 5000 seeds"
BUR-TK,pkt,"Burdock, 'Takinogawa' - Pkt"
BUR-TK,1oz,"Burdock, 'Takinogawa' - 1 oz"
BUR-TK,1/4lb,"Burdock, 'Takinogawa' - 1/4 lb"
BUR-TK,1lb,"Burdock, 'Takinogawa' - 1 lb"
CAB-DO,pkt,"Cabbage, 'Dowinda' - Pkt"
CAB-DO,1Ms,"Cabbage, 'Dowinda' - 1000 seeds"
CAB-FK,pkt,"Cabbage, 'Filderkraut' - Pkt"
CAB-FK,1/4oz,"Cabbage, 'Filderkraut' - 1/4 oz"
CAB-FK,1oz,"Cabbage, 'Filderkraut' - 1 oz"
CAB-FK,1/4lb,"Cabbage, 'Filderkraut' - 1/4 lb"
CAB-FK,1lb,"Cabbage, 'Filderkraut' - 1 lb"
CAB-JK,pkt,"Cabbage, 'January King' - Pkt"
CAB-JK,1/4oz,"Cabbage, 'January King' - 1/4 oz"
CAB-JK,1oz,"Cabbage, 'January King' - 1 oz"
CAB-M2,pkt,"Napa/Chinese Cabbage, 'Matsushima #2' - Pkt"
CAB-M2,1/4oz,"Napa/Chinese Cabbage, 'Matsushima #2' - 1/4 oz"
CAB-NS,pkt,"Cabbage, 'Columbia' - Pkt"
CAB-NS,1Ms,"Cabbage, 'Columbia' - 1000 seeds"
CAB-NS,5Ms,"Cabbage, 'Columbia' - 5000 seeds"
CAB-MA,pkt,"Cabbage, 'Marner' - Pkt"
CAB-MA,1Ms,"Cabbage, 'Marner' - 1000 seeds"
CRD-GN,pkt,"Cardoon, 'Gobbo di Nizza' - Pkt"
CRD-GN,100s,"Cardoon, 'Gobbo di Nizza' - 100 seeds"
CAR-DR,pkt,"Carrot, 'Purple Dragon' - Pkt"
CAR-DR,1/2oz,"Carrot, 'Purple Dragon' - 1/2 oz"
CAR-DR,1oz,"Carrot, 'Purple Dragon' - 1 oz"
CAR-RA,pkt,"Carrot, 'Rainbow Mix' - Pkt"
CAR-SN,pkt,"Carrot, 'Scarlet Nantes' - Pkt"
CAR-SN,1/2oz,"Carrot, 'Scarlet Nantes' - 1/2 oz"
CAR-SN,1oz,"Carrot, 'Scarlet Nantes' - 1 oz"
CAR-TO,pkt,"Carrot, 'Tonda di Parigi' - Pkt"
CAR-TO,1/2oz,"Carrot, 'Tonda di Parigi' - 1/2 oz"
CAR-TO,1oz,"Carrot, 'Tonda di Parigi' - 1 oz"
CAR-YE,pkt,"Carrot, 'Yellowstone' - Pkt"
CAR-YE,1/2oz,"Carrot, 'Yellowstone' - 1/2 oz"
CAU-AY,pkt,"Cauliflower, 'All the Year Round' - Pkt"
CAU-AY,500s,"Cauliflower, 'All the Year Round' - 500 seeds"
CAU-PR,pkt,"Cauliflower, 'Prestige' - Pkt"
CAU-PR,1/8oz,"Cauliflower, 'Prestige' - 1/8 oz"
CAU-PR,1/4oz,"Cauliflower, 'Prestige' - 1/4 oz"
CAU-PR,1oz,"Cauliflower, 'Prestige' - 1 oz"
CHI-IS,pkt,"Radicchio, 'Rosa Isontina' - Pkt"
CHI-IS,500s,"Radicchio, 'Rosa Isontina' - 500 seeds"
CHI-IS,1Ms,"Radicchio, 'Rosa Isontina' - 1000 seeds"
CHI-IS,5Ms,"Radicchio, 'Rosa Isontina' - 5000 seeds"
CHI-IN,pkt,"Radicchio (Tardivo), 'Incantatore' - Pkt"
CHI-IN,500s,"Radicchio (Tardivo), 'Incantatore' - 500 seeds"
CHI-IN,1Ms,"Radicchio (Tardivo), 'Incantatore' - 1000 seeds"
CHI-IN,5Ms,"Radicchio (Tardivo), 'Incantatore' - 5000 seeds"
CHI-IN,25Ms,"Radicchio (Tardivo), 'Incantatore' - 25000 seeds"
SMA-MD,pkt,"Chicory (Puntarelle di Galatina), 'Medusa' - Pkt"
SMA-MD,500s,"Chicory (Puntarelle di Galatina), 'Medusa' - 500 seeds"
SMA-MD,1Ms,"Chicory (Puntarelle di Galatina), 'Medusa' - 1000 seeds"
SMA-MD,5Ms,"Chicory (Puntarelle di Galatina), 'Medusa' - 5000 seeds"
SMA-MD,25Ms,"Chicory (Puntarelle di Galatina), 'Medusa' - 25000 seeds"
COL-CG,pkt,"Collards, 'Cascade Glaze' - Pkt"
COL-CG,1/4oz,"Collards, 'Cascade Glaze' - 1/4 oz"
COL-CG,1oz,"Collards, 'Cascade Glaze' - 1 oz"
COR-FL,pkt,"Corn, 'Floriani Red Flint' - Pkt"
COR-FL,1/2lb,"Corn, 'Floriani Red Flint' - 1/2 lb"
COR-FL,1lb,"Corn, 'Floriani Red Flint' - 1 lb"
COR-RC,pkt,"Corn, 'Roy's Calais Flint' - Pkt"
COR-RC,1/2lb,"Corn, 'Roy's Calais Flint' - 1/2 lb"
COR-RC,1lb,"Corn, 'Roy's Calais Flint' - 1 lb"
COR-PM,pkt,"Corn, 'Painted Mountain' - Pkt"
COR-PM,1/2lb,"Corn, 'Painted Mountain' - 1/2 lb"
COR-PM,1lb,"Corn, 'Painted Mountain' - 1 lb"
COR-AB,pkt,"Corn, 'Amish Butter' - Pkt"
COR-AB,1/4lb,"Corn, 'Amish Butter' - 1/4 lb"
COR-AB,1lb,"Corn, 'Amish Butter' - 1 lb"
COR-DB,pkt,"Corn, 'Dakota Black' - Pkt"
COR-DB,1/4lb,"Corn, 'Dakota Black' - 1/4 lb"
COR-DB,1lb,"Corn, 'Dakota Black' - 1 lb"
COR-TU,pkt,"Corn, 'Tuxana' - Pkt"
COR-TU,1/2lb,"Corn, 'Tuxana' - 1/2 lb"
CUC-LE,pkt,"Cucumber, 'Lemon' - Pkt"
CUC-LE,1/2oz,"Cucumber, 'Lemon' - 1/2 oz"
CUC-LE,1oz,"Cucumber, 'Lemon' - 1 oz"
CUC-SA,pkt,"Cucumber (Mexican Sour Gherkin, Cucamelon), 'Sandita' - Pkt"
CUC-SA,100s,"Cucumber (Mexican Sour Gherkin, Cucamelon), 'Sandita' - 100 seeds"
CUC-SA,500s,"Cucumber (Mexican Sour Gherkin, Cucamelon), 'Sandita' - 500 seeds"
CUC-SA,1Ms,"Cucumber (Mexican Sour Gherkin, Cucamelon), 'Sandita' - 1000 seeds"
CUC-SH,pkt,"Cucumber, 'Shintokiwa' - Pkt"
CUC-SH,1/2oz,"Cucumber, 'Shintokiwa' - 1/2 oz"
CUC-SH,1oz,"Cucumber, 'Shintokiwa' - 1 oz"
CUC-SS,pkt,"Cucumber, 'Silver Slicer' - Pkt"
CUC-SS,1/2oz,"Cucumber, 'Silver Slicer' - 1/2 oz"
CUC-SS,1oz,"Cucumber, 'Silver Slicer' - 1 oz"
CUC-SM,pkt,"Cucumber, 'Sweet Marketmore' - Pkt"
CUC-SM,1/2oz,"Cucumber, 'Sweet Marketmore' - 1/2 oz"
CUC-SM,1oz,"Cucumber, 'Sweet Marketmore' - 1 oz"
CUC-VO,pkt,"Cucumber, 'Vorgebirgstrauben' - Pkt"
CUC-VO,1/2oz,"Cucumber, 'Vorgebirgstrauben' - 1/2 oz"
CUC-VO,1oz,"Cucumber, 'Vorgebirgstrauben' - 1 oz"
CUC-CE,pkt,"Cucumber, 'Çengelköy' - Pkt"
CUC-CE,1/2oz,"Cucumber, 'Çengelköy' - 1/2 oz"
CUC-CE,1oz,"Cucumber, 'Çengelköy' - 1 oz"
EGG-DI,pkt,"Eggplant, 'Diamond' - Pkt"
EGG-DI,100s,"Eggplant, 'Diamond' - 100 seeds"
EGG-DI,250s,"Eggplant, 'Diamond' - 250 seeds"
EGG-DI,1Ms,"Eggplant, 'Diamond' - 1000 seeds"
EGG-VI,pkt,"Eggplant, 'Violetta di Firenze' - Pkt"
EGG-VI,100s,"Eggplant, 'Violetta di Firenze' - 100 seeds"
EGG-VI,250s,"Eggplant, 'Violetta di Firenze' - 250 seeds"
EGG-VI,1Ms,"Eggplant, 'Violetta di Firenze' - 1000 seeds"
CHI-MA,pkt,"Belgian Endive/Witloof, 'Macun' - Pkt"
CHI-MA,500s,"Belgian Endive/Witloof, 'Macun' - 500 seeds"
CHI-MA,1Ms,"Belgian Endive/Witloof, 'Macun' - 1000 seeds"
CHI-MA,5Ms,"Belgian Endive/Witloof, 'Macun' - 5000 seeds"
CHI-MA,25Ms,"Belgian Endive/Witloof, 'Macun' - 25000 seeds"
CHI-BQ,pkt,"Curly Endive, 'Bellesque' - Pkt"
CHI-BQ,500s,"Curly Endive, 'Bellesque' - 500 seeds"
CHI-BQ,1Ms,"Curly Endive, 'Bellesque' - 1000 seeds"
CHI-BQ,5Ms,"Curly Endive, 'Bellesque' - 5000 seeds"
FEN-FI,pkt,"Fennel, 'Finale' - Pkt"
FEN-FI,1/8oz,"Fennel, 'Finale' - 1/8 oz"
FEN-FI,1oz,"Fennel, 'Finale' - 1 oz"
GRE-AS,pkt,"Arugula, 'Astro' - Pkt"
GRE-AS,1oz,"Arugula, 'Astro' - 1 oz"
GRE-AS,1/4lb,"Arugula, 'Astro' - 1/4 lb"
GRE-AS,1lb,"Arugula, 'Astro' - 1 lb"
GRE-AS,2.5lb,
GRE-AS,5lb,"Arugula, 'Astro' - 5 lb"
GRE-RU,pkt,"Arugula, 'Rucola' - Pkt"
GRE-RU,1/4oz,"Arugula, 'Rucola' - 1/4 oz"
GRE-RU,1oz,"Arugula, 'Rucola' - 1 oz"
GRE-RU,1/4lb,"Arugula, 'Rucola' - 1/4 lb"
GRE-RU,1lb,"Arugula, 'Rucola' - 1 lb"
GRE-MZ,pkt,"Asian Greens, 'Early Mizuna' - Pkt"
GRE-MZ,1oz,"Asian Greens, 'Early Mizuna' - 1 oz"
GRE-MZ,1/4lb,"Asian Greens, 'Early Mizuna' - 1/4 lb"
GRE-RS,pkt,"Asian Greens, 'Ruby Streaks' - Pkt"
GRE-RS,1/4oz,"Asian Greens, 'Ruby Streaks' - 1/4 oz"
GRE-RS,1oz,"Asian Greens, 'Ruby Streaks' - 1 oz"
GRE-RS,1/4lb,"Asian Greens, 'Ruby Streaks' - 1/4 lb"
GRE-RS,1lb,"Asian Greens, 'Ruby Streaks' - 1 lb"
GRE-TA,pkt,"Asian Greens, 'Tatsoi' - Pkt"
GRE-TA,1oz,"Asian Greens, 'Tatsoi' - 1 oz"
GRE-TA,1/4lb,"Asian Greens, 'Tatsoi' - 1/4 lb"
GRE-TA,1lb,"Asian Greens, 'Tatsoi' - 1 lb"
GRE-TA,5lb,"Asian Greens, 'Tatsoi' - 5 lb"
GRE-WC,pkt,"Cress, 'Wrinkled Crinkled Crumpled' - Pkt"
GRE-WC,1/4oz,"Cress, 'Wrinkled Crinkled Crumpled' - 1/4 oz"
GRE-WC,1oz,"Cress, 'Wrinkled Crinkled Crumpled' - 1 oz"
GRE-WC,1/4lb,"Cress, 'Wrinkled Crinkled Crumpled' - 1/4 lb"
GRE-WC,1lb,"Cress, 'Wrinkled Crinkled Crumpled' - 1 lb"
MIX-MI,pkt,Uprising Mild Mesclun - Pkt
MIX-MI,1/4oz,Uprising Mild Mesclun - 1/4 oz
MIX-MI,1oz,Uprising Mild Mesclun - 1 oz
MIX-SP,pkt,Uprising Spicy Mesclun - Pkt
MIX-SP,1/4oz,Uprising Spicy Mesclun - 1/4 oz
GRE-GF,pkt,"Asian Greens, 'Golden Frills' - Pkt"
GRE-GF,1/4oz,"Asian Greens, 'Golden Frills' - 1/4 oz"
GRE-GF,1oz,"Asian Greens, 'Golden Frills' - 1 oz"
GRE-GF,1/4lb,"Asian Greens, 'Golden Frills' - 1/4 lb"
GRE-GF,1lb,"Asian Greens, 'Golden Frills' - 1 lb"
GRE-GW,pkt,"Asian Greens, 'Green Wave' - Pkt"
GRE-GW,1/4oz,"Asian Greens, 'Green Wave' - 1/4 oz"
GRE-GW,1oz,"Asian Greens, 'Green Wave' - 1 oz"
GRE-ES,pkt,Erba Stella - Pkt
GRE-ES,1/8oz,Erba Stella - 1/8 oz
TGC-AM,pkt,Ground Cherry 'Aunt Molly's' - Pkt
TGC-AM,200s,Ground Cherry 'Aunt Molly's' - 200 seeds
KAL-3K,pkt,"Kale, 'A Tale of 3 Kales' - Pkt"
KAL-DB,pkt,"Kale, 'Dazzling Blue' - Pkt"
KAL-DB,1/4oz,"Kale, 'Dazzling Blue' - 1/4 oz"
KAL-DW,pkt,"Kale, 'Dwarf Blue Scotch' - Pkt"
KAL-DW,1/4oz,"Kale, 'Dwarf Blue Scotch' - 1/4 oz"
KAL-DW,1oz,"Kale, 'Dwarf Blue Scotch' - 1 oz"
KAL-DW,1/4lb,"Kale, 'Dwarf Blue Scotch' - 1/4 lb"
KAL-DW,1lb,"Kale, 'Dwarf Blue Scotch' - 1 lb"
KAL-RF,pkt,"Kale, 'Russian Frills' - Pkt"
KAL-RF,1/4oz,"Kale, 'Russian Frills' - 1/4 oz"
KAL-RF,1oz,"Kale, 'Russian Frills' - 1 oz"
KAL-RF,1/4lb,"Kale, 'Russian Frills' - 1/4 lb"
KAL-RF,1lb,"Kale, 'Russian Frills' - 1 lb"
LEE-BW,pkt,"Leek, 'Blaugruner Avano' - Pkt"
LEE-BW,1/8oz,"Leek, 'Blaugruner Avano' - 1/8 oz"
LEE-BW,1/2oz,"Leek, 'Blaugruner Avano' - 1/2 oz"
LEE-BW,1oz,"Leek, 'Blaugruner Avano' - 1 oz"
LEE-LN,pkt,"Leek, 'Lincoln' - Pkt"
LEE-LN,1/8oz,"Leek, 'Lincoln' - 1/8 oz"
LEE-LN,1/2oz,"Leek, 'Lincoln' - 1/2 oz"
LEE-LN,1oz,"Leek, 'Lincoln' - 1 oz"
LEE-LN,1/4lb,"Leek, 'Lincoln' - 1/4 lb"
LEE-NE,pkt,"Leek, 'Neptune' - Pkt"
LEE-NE,1/8oz,"Leek, 'Neptune' - 1/8 oz"
LEE-NE,1/2oz,"Leek, 'Neptune' - 1/2 oz"
LEE-NE,1oz,"Leek, 'Neptune' - 1 oz"
LEN-BL,pkt,"Lentil, 'Black' - Pkt"
LEN-BL,2oz,"Lentil, 'Black' - 2 oz"
LET-WD,pkt,"Lettuce, 'Winter Density' - Pkt"
LET-WD,1/4oz,"Lettuce, 'Winter Density' - 1/4 oz"
LET-WD,1oz,"Lettuce, 'Winter Density' - 1 oz"
LET-DV,pkt,"Lettuce, 'Divina' - Pkt"
LET-DV,1/4oz,"Lettuce, 'Divina' - 1/4 oz"
LET-DV,1oz,"Lettuce, 'Divina' - 1 oz"
LET-MQ,pkt,"Lettuce, 'Merveille des Quatre Saisons' - Pkt"
LET-MQ,1/4oz,"Lettuce, 'Merveille des Quatre Saisons' - 1/4 oz"
LET-MQ,1oz,"Lettuce, 'Merveille des Quatre Saisons' - 1 oz"
LET-MQ,1/4lb,"Lettuce, 'Merveille des Quatre Saisons' - 1/4 lb"
LET-MQ,1lb,"Lettuce, 'Merveille des Quatre Saisons' - 1 lb"
LET-SB,pkt,"Lettuce, 'Scarlet Butter' - Pkt"
LET-SB,1/4oz,"Lettuce, 'Scarlet Butter' - 1/4 oz"
LET-SB,1oz,"Lettuce, 'Scarlet Butter' - 1 oz"
LET-SB,1/4lb,"Lettuce, 'Scarlet Butter' - 1/4 lb"
LET-AB,pkt,"Lettuce, 'Speckled' - Pkt"
LET-AB,1/4oz,"Lettuce, 'Speckled' - 1/4 oz"
LET-AB,1oz,"Lettuce, 'Speckled' - 1 oz"
LET-AB,1/4lb,"Lettuce, 'Speckled' - 1/4 lb"
LET-TB,pkt,"Lettuce, 'Tennis Ball' - Pkt"
LET-TB,1/4oz,"Lettuce, 'Tennis Ball' - 1/4 oz"
LET-TB,1oz,"Lettuce, 'Tennis Ball' - 1 oz"
LET-TB,1/4lb,"Lettuce, 'Tennis Ball' - 1/4 lb"
LET-TB,1lb,"Lettuce, 'Tennis Ball' - 1 lb"
LET-RG,pkt,"Lettuce, 'Reine des Glaces' - Pkt"
LET-RG,1/4oz,"Lettuce, 'Reine des Glaces' - 1/4 oz"
LET-RG,1oz,"Lettuce, 'Reine des Glaces' - 1 oz"
LET-RG,1/4lb,"Lettuce, 'Reine des Glaces' - 1/4 lb"
LET-RG,1lb,"Lettuce, 'Reine des Glaces' - 1 lb"
LET-SU,pkt,"Lettuce, 'Summertime' - Pkt"
LET-SU,1/4oz,"Lettuce, 'Summertime' - 1/4 oz"
LET-SU,1oz,"Lettuce, 'Summertime' - 1 oz"
LET-AY,pkt,"Lettuce, 'Australian Yellowleaf' - Pkt"
LET-AY,1/4oz,"Lettuce, 'Australian Yellowleaf' - 1/4 oz"
LET-AY,1oz,"Lettuce, 'Australian Yellowleaf' - 1 oz"
LET-AY,1/4lb,"Lettuce, 'Australian Yellowleaf' - 1/4 lb"
LET-CR,pkt,"Lettuce, 'Cracoviensis' - Pkt"
LET-CR,1/4oz,"Lettuce, 'Cracoviensis' - 1/4 oz"
LET-CR,1oz,"Lettuce, 'Cracoviensis' - 1 oz"
LET-EM,pkt,"Lettuce, 'Emerald Fan' - Pkt"
LET-EM,1/4oz,"Lettuce, 'Emerald Fan' - 1/4 oz"
LET-EM,1oz,"Lettuce, 'Emerald Fan' - 1 oz"
LET-EM,1/4lb,"Lettuce, 'Emerald Fan' - 1/4 lb"
LET-EM,1lb,"Lettuce, 'Emerald Fan' - 1 lb"
LET-AD,pkt,"Lettuce, 'Grandpa Admire's' - Pkt"
LET-AD,1/4oz,"Lettuce, 'Grandpa Admire's' - 1/4 oz"
LET-AD,1oz,"Lettuce, 'Grandpa Admire's' - 1 oz"
LET-AD,1/4lb,"Lettuce, 'Grandpa Admire's' - 1/4 lb"
LET-AD,1lb,"Lettuce, 'Grandpa Admire's' - 1 lb"
LET-HR,pkt,"Lettuce, 'Hyper Red Rumpled Wave' - Pkt"
LET-HR,1/4oz,"Lettuce, 'Hyper Red Rumpled Wave' - 1/4 oz"
LET-HR,1oz,"Lettuce, 'Hyper Red Rumpled Wave' - 1 oz"
LET-HR,1/4lb,"Lettuce, 'Hyper Red Rumpled Wave' - 1/4 lb"
LET-HR,1lb,"Lettuce, 'Hyper Red Rumpled Wave' - 1 lb"
LET-LB,pkt,"Lettuce, 'La Brillante' - Pkt"
LET-LB,1/4oz,"Lettuce, 'La Brillante' - 1/4 oz"
LET-LB,1oz,"Lettuce, 'La Brillante' - 1 oz"
LET-OD,pkt,"Lettuce, 'Les Orielles du Diable' (Devil's Ears) - Pkt"
LET-OD,1/4oz,"Lettuce, 'Les Orielles du Diable' (Devil's Ears) - 1/4 oz"
LET-OD,1oz,"Lettuce, 'Les Orielles du Diable' (Devil's Ears) - 1 oz"
LET-OD,1/4lb,"Lettuce, 'Les Orielles du Diable' (Devil's Ears) - 1/4 lb"
LET-ME,pkt,"Lettuce, 'Merlot' - Pkt"
LET-ME,1/4oz,"Lettuce, 'Merlot' - 1/4 oz"
LET-ME,1oz,"Lettuce, 'Merlot' - 1 oz"
LET-ME,1/4lb,"Lettuce, 'Merlot' - 1/4 lb"
LET-RV,pkt,"Lettuce, 'Revolution' - Pkt"
LET-RV,1/4oz,"Lettuce, 'Revolution' - 1/4 oz"
LET-RV,1oz,"Lettuce, 'Revolution' - 1 oz"
LET-RV,1/4lb,"Lettuce, 'Revolution' - 1/4 lb"
LET-RR,pkt,"Lettuce, 'Royal Red' - Pkt"
LET-RR,1/4oz,"Lettuce, 'Royal Red' - 1/4 oz"
LET-RR,1oz,"Lettuce, 'Royal Red' - 1 oz"
LET-RR,1/4lb,"Lettuce, 'Royal Red' - 1/4 lb"
LET-RR,1lb,"Lettuce, 'Royal Red' - 1 lb"
LET-BI,pkt,"Lettuce, 'Bijella' - Pkt"
LET-BI,1/4oz,"Lettuce, 'Bijella' - 1/4 oz"
LET-BI,1oz,"Lettuce, 'Bijella' - 1 oz"
LET-BI,1/4lb,"Lettuce, 'Bijella' - 1/4 lb"
LET-BI,1lb,"Lettuce, 'Bijella' - 1 lb"
LET-FB,pkt,"Lettuce, 'Flashy Butter Oak' - Pkt"
LET-FB,1/4oz,"Lettuce, 'Flashy Butter Oak' - 1/4 oz"
LET-FB,1oz,"Lettuce, 'Flashy Butter Oak' - 1 oz"
LET-FB,1/4lb,"Lettuce, 'Flashy Butter Oak' - 1/4 lb"
LET-GA,pkt,"Lettuce, 'Galisse' - Pkt"
LET-GA,1/4oz,"Lettuce, 'Galisse' - 1/4 oz"
LET-GA,1oz,"Lettuce, 'Galisse' - 1 oz"
LET-GA,1/4lb,"Lettuce, 'Galisse' - 1/4 lb"
LET-GR,pkt,"Lettuce, 'Goldrush' - Pkt"
LET-GR,1/4oz,"Lettuce, 'Goldrush' - 1/4 oz"
LET-GR,1oz,"Lettuce, 'Goldrush' - 1 oz"
LET-GR,1/4lb,"Lettuce, 'Goldrush' - 1/4 lb"
LET-IT,pkt,"Lettuce, 'Italienischer' - Pkt"
LET-IT,1/4oz,"Lettuce, 'Italienischer' - 1/4 oz"
LET-IT,1oz,"Lettuce, 'Italienischer' - 1 oz"
LET-IT,1/4lb,"Lettuce, 'Italienischer' - 1/4 lb"
LET-MA,pkt,"Lettuce, 'Mascara' - Pkt"
LET-MA,1/4oz,"Lettuce, 'Mascara' - 1/4 oz"
LET-MA,1oz,"Lettuce, 'Mascara' - 1 oz"
LET-MA,1/4lb,"Lettuce, 'Mascara' - 1/4 lb"
LET-OS,pkt,"Lettuce, 'Oscarde' - Pkt"
LET-OS,1/4oz,"Lettuce, 'Oscarde' - 1/4 oz"
LET-OS,1oz,"Lettuce, 'Oscarde' - 1 oz"
LET-OS,1/4lb,"Lettuce, 'Oscarde' - 1/4 lb"
LET-BG,pkt,"Lettuce, 'Barnwood Gem' - Pkt"
LET-BG,1/4oz,"Lettuce, 'Barnwood Gem' - 1/4 oz"
LET-BG,1oz,"Lettuce, 'Barnwood Gem' - 1 oz"
LET-CI,pkt,"Lettuce, 'Cimarron' - Pkt"
LET-CI,1/4oz,"Lettuce, 'Cimarron' - 1/4 oz"
LET-CI,1oz,"Lettuce, 'Cimarron' - 1 oz"
LET-CI,1/4lb,"Lettuce, 'Cimarron' - 1/4 lb"
LET-CI,1lb,"Lettuce, 'Cimarron' - 1 lb"
LET-ER,pkt,"Lettuce, 'Eruption' - Pkt"
LET-ER,1/4oz,"Lettuce, 'Eruption' - 1/4 oz"
LET-ER,1oz,"Lettuce, 'Eruption' - 1 oz"
LET-FT,pkt,"Lettuce, 'Flashy Trout's Back' - Pkt"
LET-FT,1/4oz,"Lettuce, 'Flashy Trout's Back' - 1/4 oz"
LET-FT,1oz,"Lettuce, 'Flashy Trout's Back' - 1 oz"
LET-JE,pkt,"Lettuce, 'Jericho' - Pkt"
LET-JE,1/4oz,"Lettuce, 'Jericho' - 1/4 oz"
LET-JE,1oz,"Lettuce, 'Jericho' - 1 oz"
LET-LG,pkt,"Lettuce, 'Little Gem' - Pkt"
LET-LG,1/4oz,"Lettuce, 'Little Gem' - 1/4 oz"
LET-LG,1oz,"Lettuce, 'Little Gem' - 1 oz"
LET-LG,1/4lb,"Lettuce, 'Little Gem' - 1/4 lb"
LET-PI,pkt,"Lettuce, 'Parris Island Cos' - Pkt"
LET-PI,1/4oz,"Lettuce, 'Parris Island Cos' - 1/4 oz"
LET-PI,1oz,"Lettuce, 'Parris Island Cos' - 1 oz"
LET-MX,pkt,Uprising Lettuce Mix - Pkt
LET-QH,pkt,"Lettuce, 'Queen of Hearts' - Pkt"
LET-QH,1/4oz,"Lettuce, 'Queen of Hearts' - 1/4 oz"
LET-QH,1oz,"Lettuce, 'Queen of Hearts' - 1 oz"
MEL-CL,pkt,"Carosello, 'Leccese Light Green' - Pkt"
MEL-CL,1/2oz,"Carosello, 'Leccese Light Green' - 1/2 oz"
MEL-CL,1oz,"Carosello, 'Leccese Light Green' - 1 oz"
MEL-MO,pkt,"Melon, 'Moscatello' - Pkt"
MEL-ER,pkt,"Melon, 'Eel River' - Pkt"
MEL-ER,1/2oz,"Melon, 'Eel River' - 1/2 oz"
MEL-ER,1oz,"Melon, 'Eel River' - 1 oz"
MEL-GI,pkt,"Melon, 'Giallo d'Inverno' - Pkt"
MEL-GI,1/2oz,"Melon, 'Giallo d'Inverno' - 1/2 oz"
MEL-GI,1oz,"Melon, 'Giallo d'Inverno' - 1 oz"
MEL-PF,pkt,"Melon, 'Prescott Fond Blanc' - Pkt"
MEL-PF,1/2oz,"Melon, 'Prescott Fond Blanc' - 1/2 oz"
MEL-PF,1oz,"Melon, 'Prescott Fond Blanc' - 1 oz"
MEL-SS,pkt,"Melon, 'Sakata Sweet' - Pkt"
MEL-SS,100s,"Melon, 'Sakata Sweet' - 100 seeds"
ONI-RM,pkt,"Storage Onion, 'Rossa di Milano' - Pkt"
ONI-RM,1/8oz,"Storage Onion, 'Rossa di Milano' - 1/8 oz"
ONI-RM,1/2oz,"Storage Onion, 'Rossa di Milano' - 1/2 oz"
ONI-RM,1oz,"Storage Onion, 'Rossa di Milano' - 1 oz"
ONI-IS,pkt,"Scallion, 'Ishikura Long Winter' - Pkt"
ONI-IS,1/4oz,"Scallion, 'Ishikura Long Winter' - 1/4 oz"
ONI-NY,pkt,"Storage Onion, 'New York Early' - Pkt"
ONI-NY,1/8oz,"Storage Onion, 'New York Early' - 1/8 oz"
ONI-NY,1/2oz,"Storage Onion, 'New York Early' - 1/2 oz"
ONI-NY,1oz,"Storage Onion, 'New York Early' - 1 oz"
ONI-RJ,pkt,"Storage Onion, 'Rijnsburg 5' - Pkt"
ONI-RJ,1/8oz,"Storage Onion, 'Rijnsburg 5' - 1/8 oz"
ONI-RJ,1/2oz,"Storage Onion, 'Rijnsburg 5' - 1/2 oz"
ONI-RJ,1oz,"Storage Onion, 'Rijnsburg 5' - 1 oz"
ONI-SR,pkt,"Storage Onion, 'Stuttgarter Riesen' - Pkt"
ONI-SR,1/8oz,"Storage Onion, 'Stuttgarter Riesen' - 1/8 oz"
ONI-SR,1/2oz,"Storage Onion, 'Stuttgarter Riesen' - 1/2 oz"
ONI-SR,1oz,"Storage Onion, 'Stuttgarter Riesen' - 1 oz"
ONI-AC,pkt,Sweet Onion 'Ailsa Craig' - Pkt
ONI-AC,1/8oz,Sweet Onion 'Ailsa Craig' - 1/8 oz
ONI-AC,1/2oz,Sweet Onion 'Ailsa Craig' - 1/2 oz
ONI-RL,pkt,"Sweet Onion, 'Red Long of Tropea' - Pkt"
ONI-RL,1/8oz,"Sweet Onion, 'Red Long of Tropea' - 1/8 oz"
ONI-RL,1/2oz,"Sweet Onion, 'Red Long of Tropea' - 1/2 oz"
ONI-RL,1oz,"Sweet Onion, 'Red Long of Tropea' - 1oz"
ONI-SS,pkt,"Sweet Onion, 'Siskiyou Sweet' - Pkt"
ONI-SS,1/8oz,"Sweet Onion, 'Siskiyou Sweet' - 1/8 oz"
ONI-SS,1/2oz,"Sweet Onion, 'Siskiyou Sweet' - 1/2 oz"
PEA-SS,pkt,"Snap Pea, 'Sugar Snap' - Pkt"
PEA-SS,1/2lb,"Snap Pea, 'Sugar Snap' - 1/2 lb"
PEA-SS,1lb,"Snap Pea, 'Sugar Snap' - 1 lb"
COW-FL,pkt,"Cowpea, 'Fast Lady Northern/Southern Pea' - Pkt"
COW-FL,1/4lb,"Cowpea, 'Fast Lady Northern/Southern Pea' - 1/4 lb"
COW-FL,1lb,"Cowpea, 'Fast Lady Northern/Southern Pea' - 1 lb"
PEA-RV,pkt,"Pea, Dry/Soup, 'Roveja' - Pkt"
PEA-RV,1/2lb,"Pea, Dry/Soup, 'Roveja' - 1/2 lb"
PEA-RV,1lb,"Pea, Dry/Soup, 'Roveja' - 1 lb"
PEA-SA,pkt,"Snap Pea, 'Sugar Ann' - Pkt"
PEA-SA,1/2lb,"Snap Pea, 'Sugar Ann' - 1/2 lb"
PEA-SA,1lb,"Snap Pea, 'Sugar Ann' - 1 lb"
PEA-SA,2.5lb,
PEA-SA,5lb,"Snap Pea, 'Sugar Ann' - 5 lb"
PEA-MA,pkt,"Shelling Pea, 'Maestro' - Pkt"
PEA-MA,1/2lb,"Shelling Pea, 'Maestro' - 1/2 lb"
PEA-MA,1lb,"Shelling Pea, 'Maestro' - 1 lb"
PEA-CA,pkt,"Snap Pea, 'Cascadia' - Pkt"
PEA-CA,1/2lb,"Snap Pea, 'Cascadia' - 1/2 lb"
PEA-CA,1lb,"Snap Pea, 'Cascadia' - 1 lb"
PEA-CA,2.5lb,
PEA-CA,5lb,"Snap Pea, 'Cascadia' - 5 lb"
PEA-GS,pkt,"Snow Pea, 'Golden Sweet' - Pkt"
PEA-GS,1/2lb,"Snow Pea, 'Golden Sweet' - 1/2 lb"
PEA-GS,1lb,"Snow Pea, 'Golden Sweet' - 1 lb"
PEA-GS,2.5lb,
PEA-GS,5lb,"Snow Pea, 'Golden Sweet' - 5 lb"
PEA-HL,pkt,"Snow Pea, 'Ho Lan Dow' - Pkt"
PEA-HL,1/2lb,"Snow Pea, 'Ho Lan Dow' - 1/2 lb"
PEA-HL,1lb,"Snow Pea, 'Ho Lan Dow' - 1lb"
PEA-SR,pkt,"Snow Pea, 'Schweizer Riesen' - Pkt"
PEA-SR,1/2lb,"Snow Pea, 'Schweizer Riesen' - 1/2 lb"
PEA-SR,1lb,"Snow Pea, 'Schweizer Riesen' - 1 lb"
PEA-WX,pkt,"Pea, Petit Pois, 'Waverex' - Pkt"
PEA-WX,1/2lb,"Pea, Petit Pois, 'Waverex' - 1/2 lb"
PEP-BA,pkt,"Hot Pepper, 'Basque' - Pkt"
PEP-BA,100s,"Hot Pepper, 'Basque' - 100 seeds"
PEP-BA,250s,"Hot Pepper, 'Basque' - 250 seeds"
PEP-BA,1Ms,"Hot Pepper, 'Basque' - 1000 seeds"
PEP-CS,pkt,"Hot Pepper, 'Criolla Sella' - Pkt"
PEP-CS,100s,"Hot Pepper, 'Criolla Sella' - 100 seeds"
PEP-CS,500s,"Hot Pepper, 'Criolla Sella' - 500 seeds"
PEP-BR,pkt,"Hot Pepper, 'Biquinho Red' - Pkt"
PEP-BR,100s,"Hot Pepper, 'Biquinho Red' - 100 seeds"
PEP-BR,500s,"Hot Pepper, 'Biquinho Red' - 500 seeds"
PEP-BY,pkt,"Hot Pepper, 'Biquinho Yellow' - Pkt"
PEP-BY,100s,"Hot Pepper, 'Biquinho Yellow' - 100 seeds"
PEP-BY,500s,"Hot Pepper, 'Biquinho Yellow' - 500 seeds"
PEP-CZ,pkt,"Hot Pepper, 'Czech Black' - Pkt"
PEP-CZ,100s,"Hot Pepper, 'Czech Black' - 100 seeds"
PEP-CZ,250s,"Hot Pepper, 'Czech Black' - 250 seeds"
PEP-HP,pkt,"Hot Pepper, 'Hot Portugal' - Pkt"
PEP-HP,100s,"Hot Pepper, 'Hot Portugal' - 100 seeds"
PEP-HP,250s,"Hot Pepper, 'Hot Portugal' - 250 seeds"
PEP-PA,pkt,"Hot Pepper, 'Pimiento de Padron' - Pkt"
PEP-PA,100s,"Hot Pepper, 'Pimiento de Padron' - 100 seeds"
PEP-PA,250s,"Hot Pepper, 'Pimiento de Padron' - 250 seeds"
PEP-PA,1Ms,"Hot Pepper, 'Pimiento de Padron' - 1000 seeds"
PEP-SG,pkt,"Hot Pepper, 'Sarit Gat' - Pkt"
PEP-SG,100s,"Hot Pepper, 'Sarit Gat' - 100 seeds"
PEP-SG,250s,"Hot Pepper, 'Sarit Gat' - 250 seeds"
PEP-SG,1Ms,"Hot Pepper, 'Sarit Gat' - 1000 seeds"
PEP-SP,pkt,"Hot Pepper, 'Sugar Rush Peach' - Pkt"
PEP-SP,100s,"Hot Pepper, 'Sugar Rush Peach' - 100 seeds"
PEP-SP,250s,"Hot Pepper, 'Sugar Rush Peach' - 250 seeds"
PEP-SP,1Ms,"Hot Pepper, 'Sugar Rush Peach' - 1000 seeds"
PEP-TM,pkt,"Hot Pepper, 'Târgu Mureș' - Pkt"
PEP-TM,100s,"Hot Pepper, 'Târgu Mureș' - 100 seeds"
PEP-TM,250s,"Hot Pepper, 'Târgu Mureș' - 250 seeds"
PEP-TM,1Ms,"Hot Pepper, 'Târgu Mureș' - 1000 seeds"
PEP-AS,pkt,"Hot Pepper, 'Aci Sivri' - Pkt"
PEP-AS,100s,"Hot Pepper, 'Aci Sivri' - 100 seeds"
PEP-AS,250s,"Hot Pepper, 'Aci Sivri' - 250 seeds"
PEP-BP,pkt,"Sweet Pepper, 'Bridge to Paris' - Pkt"
PEP-BP,100s,"Sweet Pepper, 'Bridge to Paris' - 100 seeds"
PEP-BP,250s,"Sweet Pepper, 'Bridge to Paris' - 250 seeds"
PEP-CC,pkt,"Sweet Pepper, 'Criolla di Cochina' - Pkt"
PEP-CC,100s,"Sweet Pepper, 'Criolla di Cochina' - 100 seeds"
PEP-CC,250s,"Sweet Pepper, 'Criolla di Cochina' - 250 seeds"
PEP-CC,1Ms,"Sweet Pepper, 'Criolla di Cochina' - 1000 seeds"
PEP-DH,pkt,"Sweet Pepper, 'Doe Hill' - Pkt"
PEP-DH,100s,"Sweet Pepper, 'Doe Hill' - 100 seeds"
PEP-DH,250s,"Sweet Pepper, 'Doe Hill' - 250 seeds"
PEP-EE,pkt,"Sweet Pepper, 'Elephant's Ear' - Pkt"
PEP-EE,100s,"Sweet Pepper, 'Elephant's Ear' - 100 seeds"
PEP-EE,250s,"Sweet Pepper, 'Elephant's Ear' - 250 seeds"
PEP-EE,1Ms,"Sweet Pepper, 'Elephant's Ear' - 1000 seeds"
PEP-JN,pkt,"Sweet Pepper, 'Jimmy Nardello' - Pkt"
PEP-JN,100s,"Sweet Pepper, 'Jimmy Nardello' - 100 seeds"
PEP-JN,250s,"Sweet Pepper, 'Jimmy Nardello' - 250 seeds"
PEP-JN,1Ms,"Sweet Pepper, 'Jimmy Nardello' - 1000 seeds"
PEP-YN,pkt,"Sweet Pepper, 'Yellow Nardello' - Pkt"
PEP-YN,100s,"Sweet Pepper, 'Yellow Nardello' - 100 seeds"
PEP-YN,250s,"Sweet Pepper, 'Yellow Nardello' - 250 seeds"
PEP-YN,1Ms,"Sweet Pepper, 'Yellow Nardello' - 1000 seeds"
PEP-MP,pkt,"Sweet Pepper, 'Marta Polka' - Pkt"
PEP-MP,100s,"Sweet Pepper, 'Marta Polka' - 100 seeds"
PEP-MP,250s,"Sweet Pepper, 'Marta Polka' - 250 seeds"
PEP-MP,1Ms,"Sweet Pepper, 'Marta Polka' - 1000 seeds"
PEP-OK,pkt,"Sweet Pepper, 'Osmarsko Kambe' - Pkt"
PEP-OK,100s,"Sweet Pepper, 'Osmarsko Kambe' - 100 seeds"
PEP-OK,250s,"Sweet Pepper, 'Osmarsko Kambe' - 250 seeds"
PEP-PM,pkt,"Sweet Pepper, 'Petit Marseillais' - Pkt"
PEP-PM,100s,"Sweet Pepper, 'Petit Marseillais' - 100 seeds"
PEP-PM,250s,"Sweet Pepper, 'Petit Marseillais' - 250 seeds"
PEP-PM,1Ms,"Sweet Pepper, 'Petit Marseillais' - 1000 seeds"
PEP-SR,pkt,"Sweet Pepper, 'Stocky Red Roaster' - Pkt"
PEP-SR,100s,"Sweet Pepper, 'Stocky Red Roaster' - 100 seeds"
PEP-SR,250s,"Sweet Pepper, 'Stocky Red Roaster' - 250 seeds"
PEP-SR,1Ms,"Sweet Pepper, 'Stocky Red Roaster' - 1000 seeds"
RAD-FB,pkt,"Radish, 'French Breakfast' - Pkt"
RAD-FB,1oz,"Radish, 'French Breakfast' - 1 oz"
RAD-SO,pkt,"Radish, 'Sora' - Pkt"
RAD-SO,1oz,"Radish, 'Sora' - 1 oz"
RAD-GL,pkt,"Radish, Daikon 'Green Luobo' - Pkt"
RAD-GL,1oz,"Radish, Daikon 'Green Luobo' - 1 oz"
BRO-NO,pkt,"Cima di Rapa, 'Novantina' - Pkt"
BRO-NO,1/4oz,"Cima di Rapa, 'Novantina' - 1/4oz"
BRO-NO,1oz,"Cima di Rapa, 'Novantina' - 1oz"
BRO-SM,pkt,"Cima di Rapa, 'Cima Grossa San Martino' - Pkt"
BRO-SM,1/4oz,"Cima di Rapa, 'Cima Grossa San Martino' - 1/4 oz"
ONI-ER,pkt,"Shallot, 'Ed's Red' - Pkt"
ONI-ER,1/8oz,"Shallot, 'Ed's Red' - 1/8 oz"
ONI-ER,1/2oz,"Shallot, 'Ed's Red' - 1/2 oz"
ONI-ER,1oz,"Shallot, 'Ed's Red' - 1 oz"
GRE-BS,pkt,Blood Sorrel - Pkt
GRE-BS,1/8oz,Blood Sorrel - 1/8 oz
GRE-BS,1/2oz,Blood Sorrel - 1/2 oz
SPI-BE,pkt,"Spinach, 'Beaujolais' - Pkt"
SPI-BE,1oz,"Spinach, 'Beaujolais' - 1 oz"
SPI-BE,1/4lb,"Spinach, 'Beaujolais' - 1/4 lb"
SPI-BE,1lb,"Spinach, 'Beaujolais' - 1 lb"
SPI-WB,pkt,"Spinach, 'Winter Bloomsdale' - Pkt"
SPI-WB,1oz,"Spinach, 'Winter Bloomsdale' - 1 oz"
SPI-WB,1/4lb,"Spinach, 'Winter Bloomsdale' - 1/4 lb"
SPI-WB,1lb,"Spinach, 'Winter Bloomsdale' - 1 lb"
SPI-WG,pkt,"Spinach, 'Winter Giant' (Gigante d'Inverno) - Pkt"
SPI-WG,1oz,"Spinach, 'Winter Giant' (Gigante d'Inverno) - 1 oz"
SPI-WG,1/4lb,"Spinach, 'Winter Giant' (Gigante d'Inverno) - 1/4 lb"
SPI-WG,1lb,"Spinach, 'Winter Giant' (Gigante d'Inverno) - 1 lb"
SQU-YC,pkt,"Summer Squash, 'Yellow Crookneck' - Pkt"
SQU-YC,1oz,"Summer Squash, 'Yellow Crookneck' - 1 oz"
SQU-YC,1/4lb,"Summer Squash, 'Yellow Crookneck' - 1/4 lb"
SQU-YC,1lb,"Summer Squash, 'Yellow Crookneck' - 1 lb"
SQU-OD,pkt,"Summer Squash, 'Odesa' - Pkt"
SQU-OD,1oz,"Summer Squash, 'Odesa' - 1 oz"
SQU-OD,1/4lb,"Summer Squash, 'Odesa' - 1/4 lb"
SQU-OD,1lb,"Summer Squash, 'Odesa' - 1 lb"
ZUC-CR,pkt,"Zucchini, 'Costata Romanesco' - Pkt"
ZUC-CR,1oz,"Zucchini, 'Costata Romanesco' - 1 oz"
ZUC-CR,1/4lb,"Zucchini, 'Costata Romanesco' - 1/4 lb"
ZUC-CR,1lb,"Zucchini, 'Costata Romanesco' - 1 lb"
ZUC-DS,pkt,"Zucchini, 'Dark Star' - Pkt"
ZUC-DS,1oz,"Zucchini, 'Dark Star' - 1 oz"
ZUC-DS,1/4lb,"Zucchini, 'Dark Star' - 1/4 lb"
ZUC-DS,1lb,"Zucchini, 'Dark Star' - 1 lb"
CHA-RA,pkt,"Swiss Chard, 'Rainbow' - Pkt"
CHA-RA,1/2oz,
CHA-RA,1oz,"Swiss Chard, 'Rainbow' - 1 oz"
CHA-RA,1/4lb,"Swiss Chard, 'Rainbow' - 1/4 lb"
CHA-RH,pkt,"Swiss Chard, 'Rhubarb' - Pkt"
CHA-RH,1/2oz,
CHA-RH,1oz,"Swiss Chard, 'Rhubarb' - 1 oz"
TGC-DM,pkt,"Tomatilla, 'De Milpa' - Pkt"
TGC-DM,100s,"Tomatilla, 'De Milpa' - 100 seeds"
TGC-DM,250s,"Tomatilla, 'De Milpa' - 250 seeds"
TOM-AF,pkt,"Tomato, 'Afghan' - Pkt"
TOM-AF,100s,"Tomato, 'Afghan' - 100 seeds"
TOM-AF,250s,"Tomato, 'Afghan' - 250 seeds"
TOM-BP,pkt,"Tomato, 'Black Prince' - Pkt"
TOM-BP,100s,"Tomato, 'Black Prince' - 100 seeds"
TOM-BL,pkt,"Tomato, 'Blush' - Pkt"
TOM-BL,100s,"Tomato, 'Blush' - 100 seeds"
TOM-CA,pkt,"Tomato, 'Carbon' - Pkt"
TOM-CA,100s,"Tomato, 'Carbon' - 100 seeds"
TOM-CA,250s,"Tomato, 'Carbon' - 250 seeds"
TOM-CE,pkt,"Tomato, 'Ceylon' - Pkt"
TOM-CE,100s,"Tomato, 'Ceylon' - 100 seeds"
TOM-CE,250s,"Tomato, 'Ceylon' - 250 seeds"
TOM-AL,pkt,"Tomato, 'Cuor di Bue Albenga' - Pkt"
TOM-AL,100s,"Tomato, 'Cuor di Bue Albenga' - 100 seeds"
TOM-GA,pkt,"Tomato, 'Galina' - Pkt"
TOM-GA,100s,"Tomato, 'Galina' - 100 seeds"
TOM-GA,250s,"Tomato, 'Galina' - 250 seeds"
TOM-GM,pkt,"Tomato, 'Gold Medal' - Pkt"
TOM-GM,100s,"Tomato, 'Gold Medal' - 100 seeds"
TOM-GM,250s,"Tomato, 'Gold Medal' - 250 seeds"
TOM-IH,pkt,"Tomato, 'Italian Heirloom' - pkt"
TOM-IH,100s,"Tomato, 'Italian Heirloom' - 100 seeds"
TOM-IH,250s,"Tomato, 'Italian Heirloom' - 250 seeds"
TOM-JF,pkt,"Tomato, 'Jaune Flamme' - Pkt"
TOM-JF,100s,"Tomato, 'Jaune Flamme' - 100 seeds"
TOM-JF,250s,"Tomato, 'Jaune Flamme' - 250 seeds"
TOM-LA,pkt,"Tomato, 'Latah' - Pkt"
TOM-LA,100s,"Tomato, 'Latah' - 100 seeds"
TOM-LA,250s,"Tomato, 'Latah' - 250 seeds"
TOM-MY,pkt,"Tomato, 'Manyel' - Pkt"
TOM-MY,100s,"Tomato, 'Manyel' - 100 seeds"
TOM-MA,pkt,"Tomato, 'Matina' - Pkt"
TOM-MA,100s,"Tomato, 'Matina' - 100 seeds"
TOM-MA,250s,"Tomato, 'Matina' - 250 seeds"
TOM-MG,pkt,"Tomato, 'Moldovan Green' - Pkt"
TOM-MG,100s,"Tomato, 'Moldovan Green' - 100 seeds"
TOM-MG,250s,"Tomato, 'Moldovan Green' - 250 seeds"
TOM-NE,pkt,"Tomato, 'Nepal' - Pkt"
TOM-NE,100s,"Tomato, 'Nepal' - 100 seeds"
TOM-RP,pkt,"Tomato, 'Ruth's Perfect' - Pkt"
TOM-RP,100s,"Tomato, 'Ruth's Perfect' - 100 seeds"
TOM-SH,pkt,"Tomato, 'Sheboygan' - Pkt"
TOM-SH,100s,"Tomato, 'Sheboygan' - 100 seeds"
TOM-SH,250s,"Tomato, 'Sheboygan' - 250 seeds"
TOM-ST,pkt,"Tomato, 'Stupice' - Pkt"
TOM-ST,100s,"Tomato, 'Stupice' - 100 seeds"
TOM-ST,250s,"Tomato, 'Stupice' - 250 seeds"
TOM-SL,pkt,"Tomato, 'Super Luscious' - Pkt"
TOM-SL,100s,"Tomato, 'Super Luscious' - 100 seeds"
TOM-SL,250s,"Tomato, 'Super Luscious' - 250 seeds"
TOM-VZ,pkt,"Tomato, 'Vernazza' - Pkt"
TOM-VZ,50s,"Tomato, 'Vernazza' - 50 seeds"
TOM-BC,pkt,"Tomato, 'Black Cherry' - Pkt"
TOM-BC,100s,"Tomato, 'Black Cherry' - 100 seeds"
TOM-GS,pkt,"Tomato, 'Gardener's Sweetheart' - Pkt"
TOM-GS,100s,"Tomato, 'Gardener's Sweetheart' - 100 seeds"
TOM-GS,250s,"Tomato, 'Gardener's Sweetheart' - 250 seeds"
TOM-GG,pkt,"Tomato, 'Green Grape' - Pkt"
TOM-GG,100s,"Tomato, 'Green Grape' - 100 seeds"
TOM-KO,pkt,"Tomato, 'Koralik' - Pkt"
TOM-KO,100s,"Tomato, 'Koralik' - 100 seeds"
TOM-KO,250s,"Tomato, 'Koralik' - 250 seeds"
TOM-PI,pkt,"Tomato, 'Pinky' - Pkt"
TOM-PI,100s,"Tomato, 'Pinky' - 100 seeds"
TOM-PI,250s,"Tomato, 'Pinky' - 250 seeds"
TOM-PI,1Ms,"Tomato, 'Pinky' - 1000 seeds"
TOM-RF,pkt,"Tomato, 'Red Fig' - Pkt"
TOM-RF,100s,"Tomato, 'Red Fig' - 100 seeds"
TOM-SW,pkt,"Tomato, 'Snow White' - Pkt"
TOM-SW,100s,"Tomato, 'Snow White' - 100 seeds"
TOM-SO,pkt,"Tomato, 'Sweet Orange II' - Pkt"
TOM-SO,100s,"Tomato, 'Sweet Orange II' - 100 seeds"
TOM-SO,250s,"Tomato, 'Sweet Orange II' - 250 seeds"
TOM-FI,pkt,"Tomato, 'Fiaschetto di Manduria' - Pkt"
TOM-FI,100s,"Tomato, 'Fiaschetto di Manduria' - 100 seeds"
TOM-FI,250s,"Tomato, 'Fiaschetto di Manduria' - 250 seeds"
TOM-NR,pkt,"Tomato, 'Northern Ruby' - Pkt"
TOM-NR,100s,"Tomato, 'Northern Ruby' - 100 seeds"
TOM-AN,pkt,"Tomato, 'Annarita' - Pkt"
TOM-AN,100s,"Tomato, 'Annarita' - 100 seeds"
TOM-AN,250s,"Tomato, 'Annarita' - 250 seeds"
WAT-BM,pkt,"Watermelon, 'Blacktail Mountain' - Pkt"
WAT-BM,100s,"Watermelon, 'Blacktail Mountain' - 100 seeds"
WAT-CO,pkt,"Watermelon, 'Ҫekirdeği Oyali' - Pkt"
WAT-CO,100s,"Watermelon, 'Ҫekirdeği Oyali' - 100 seeds"
WAT-JK,pkt,"Watermelon, 'Janosik' - Pkt"
WAT-JK,100s,"Watermelon, 'Janosik' - 100 seeds"
WHE-BE,pkt,"Wheat, 'Black Eagle' - Pkt"
WHE-BE,1/4lb,"Wheat, 'Black Eagle' - 1/4 lb"
WHE-BE,1lb,"Wheat, 'Black Eagle' - 1 lb"
WHE-EB,pkt,"Wheat, 'Ethiopian Blue Tinge' - Pkt"
WHE-EB,1/4lb,"Wheat, 'Ethiopian Blue Tinge' - 1/4 lb"
WHE-EB,1lb,"Wheat, 'Ethiopian Blue Tinge' - 1 lb"
SQU-BI,pkt,"Winter Squash, 'Bitterroot Buttercup' - Pkt"
SQU-BI,1oz,"Winter Squash, 'Bitterroot Buttercup' - 1 oz"
SQU-BF,pkt,"Winter Squash, 'Black Forest Kabocha' - Pkt"
SQU-BF,1oz,"Winter Squash, 'Black Forest Kabocha' - 1 oz"
SQU-FU,pkt,"Winter Squash, 'Black Futsu' - Pkt"
SQU-FU,1oz,"Winter Squash, 'Black Futsu' - 1 oz"
SQU-FU,1/4lb,"Winter Squash, 'Black Futsu' - 1/4 lb"
SQU-BB,pkt,"Winter Squash, 'Burpee's Butterbush' - Pkt"
SQU-BB,1oz,"Winter Squash, 'Burpee's Butterbush' - 1 oz"
SQU-MG,pkt,"Winter Squash, 'Marine Grey Kabocha' - Pkt"
SQU-PO,pkt,"Winter Squash, 'Potimarron' - Pkt"
SQU-PO,1oz,"Winter Squash, 'Potimarron' - 1 oz"
SQU-SM,pkt,"Winter Squash, 'Oregon Homestead Sweet Meat' - Pkt"
SQU-SM,1oz,"Winter Squash, 'Oregon Homestead Sweet Meat' - 1 oz"
SQU-ZE,pkt,"Winter Squash, 'Zeppelin Delicata' - Pkt"
SQU-ZE,1oz,"Winter Squash, 'Zeppelin Delicata' - 1 oz"
SQU-ZM,pkt,"Winter Squash, 'Zucca Mantovana' - Pkt"
SQU-ZM,1oz,"Winter Squash, 'Zucca Mantovana' - 1 oz"
PUM-HO,pkt,Pumpkin 'Howden' - Pkt
PUM-HO,1oz,Pumpkin 'Howden' - 1 oz
PUM-LP,pkt,"Pumpkin, 'Long Pie' - Pkt"
PUM-LP,1oz,"Pumpkin, 'Long Pie' - 1 oz"
PUM-LP,1/4lb,"Pumpkin, 'Long Pie' - 1/4 lb"
PUM-ST,pkt,"Pumpkin, 'Styrian Hull-less' - Pkt"
PUM-ST,1oz,"Pumpkin, 'Styrian Hull-less' - 1 oz"
PUM-WL,pkt,"Pumpkin, 'Winter Luxury' - Pkt"
PUM-WL,1oz,"Pumpkin, 'Winter Luxury' - 1 oz"
PUM-WL,1/4lb,"Pumpkin, 'Winter Luxury' - 1/4 lb"
PUM-WL,1lb,"Pumpkin, 'Winter Luxury' - 1 lb"
HER-BC,pkt,"Nigella, 'Black Cumin' - Pkt"
HER-GC,pkt,German Chamomile - Pkt
HER-GC,1g,German Chamomile - 1g
HER-EC,pkt,Echinacea (Purple Coneflower) - Pkt
HER-IL,pkt,"Basil, 'Italian Large Leaf' - Pkt"
HER-IL,1/8oz,"Basil, 'Italian Large Leaf' - 1/8 oz"
HER-TU,pkt,"Basil, 'Tulsi' (Sacred Basil, Holy Basil) - Pkt"
HER-TU,500s,"Basil, 'Tulsi' (Sacred Basil, Holy Basil) - 500 seeds"
HER-TU,1Ms,"Basil, 'Tulsi' (Sacred Basil, Holy Basil) - 1000 seeds"
HER-PJ,pkt,"Cilantro, 'Pokey Joe' - Pkt"
HER-PJ,1oz,"Cilantro, 'Pokey Joe' - 1 oz"
HER-PJ,1/4lb,"Cilantro, 'Pokey Joe' - 1/4 lb"
HER-PJ,1lb,"Cilantro, 'Pokey Joe' - 1 lb"
HER-GK,pkt,"Dill, 'Goldkrone' - Pkt"
HER-GK,1/2oz,"Dill, 'Goldkrone' - 1/2 oz"
HER-AH,pkt,Anise Hyssop - Pkt
HER-AH,500s,Anise Hyssop - 500 seeds
HER-HY,pkt,Hyssop - Pkt
HER-HY,1Ms,Hyssop - 1000 seeds
HER-MT,pkt,Mexican Tarragon - Pkt
HER-MT,500s,Mexican Tarragon - 500 seeds
HER-MA,pkt,Marshmallow - Pkt
HER-ME,pkt,Mentuccia Romana - Pkt
HER-ME,1Ms,Mentuccia Romana - 1000 seeds
HER-MP,pkt,"Parsley, 'Mersin' - Pkt"
HER-MP,1/2oz,"Parsley, 'Mersin' - 1/2 oz"
HER-SC,pkt,Sculpit - Pkt
HER-BF,pkt,"Trigonella, 'Blue Fenugreek' - Pkt"
HER-BF,1/4oz,"Trigonella, 'Blue Fenugreek' - 1/4 oz"
HER-BF,1oz,"Trigonella, 'Blue Fenugreek' - 1 oz"
ACH-DD,pkt,"Pearl Yarrow, 'Double Diamond' - Pkt"
ACH-DD,1Ms,"Pearl Yarrow, 'Double Diamond' - 1000 seeds"
ACH-LP,pkt,"Siberian Yarrow, 'Love Parade' - Pkt"
ACH-LP,1Ms,"Siberian Yarrow, 'Love Parade' - 1000 seeds"
AMA-CF,pkt,"Amaranth, 'Coral Fountains' - Pkt"
AMA-CF,1/4oz,"Amaranth, 'Coral Fountains' - 1/4 oz"
AMA-CF,1oz,"Amaranth, 'Coral Fountains' - 1 oz"
AMA-CF,1/4lb,"Amaranth, 'Coral Fountains' - 1/4 lb"
AMA-CF,1lb,"Amaranth, 'Coral Fountains' - 1 lb"
AMA-EH,pkt,"Amaranth, 'Elephant's Head' - Pkt"
AMA-EH,1/4oz,"Amaranth, 'Elephant's Head' - 1/4 oz"
AMA-EH,1oz,"Amaranth, 'Elephant's Head' - 1 oz"
AMA-HB,pkt,"Amaranth, 'Hot Biscuits' - Pkt"
AMA-HB,1/4oz,"Amaranth, 'Hot Biscuits' - 1/4 oz"
AMA-HB,1oz,"Amaranth, 'Hot Biscuits' - 1 oz"
AMA-HB,1/4lb,"Amaranth, 'Hot Biscuits' - 1/4 lb"
AMA-LL,pkt,"Amaranth, 'Love Lies Bleeding' - Pkt"
AMA-LL,1/4oz,"Amaranth, 'Love Lies Bleeding' - 1/4 oz"
AMA-LL,1oz,"Amaranth, 'Love Lies Bleeding' - 1 oz"
AMA-LL,1/4lb,"Amaranth, 'Love Lies Bleeding' - 1/4 lb"
AMA-LL,1lb,"Amaranth, 'Love Lies Bleeding' - 1 lb"
AMA-OP,pkt,"Amaranth, 'Opopeo' - Pkt"
AMA-OP,1/4oz,"Amaranth, 'Opopeo' - 1/4 oz"
AMA-OP,1oz,"Amaranth, 'Opopeo' - 1 oz"
AMA-OP,1/4lb,"Amaranth, 'Opopeo' - 1/4 lb"
AMA-SU,pkt,"Amaranth/Callaloo, 'Suriname' - Pkt"
AMA-SU,1/4oz,"Amaranth/Callaloo, 'Suriname' - 1/4 oz"
AMA-SU,1oz,"Amaranth/Callaloo, 'Suriname' - 1 oz"
BAB-BB,pkt,"Bachelor's Button, 'Black Ball' - Pkt"
BAB-BB,1/4oz,"Bachelor's Button, 'Black Ball' - 1/4 oz"
BAB-FB,pkt,"Bachelor's Buttons, 'Florist Blue Boy' - Pkt"
BAB-FB,1/4oz,"Bachelor's Buttons, 'Florist Blue Boy' - 1/4 oz"
BFL-AB,pkt,"Basket Flower, 'Aloha Blanca' - Pkt"
FLO-BO,pkt,Borage - Pkt
FLO-BO,1oz,Borage - 1 oz
FLO-ED,pkt,Edible Flower Mix - Pkt
FLO-SA,pkt,Sainfoin - Pkt
BUP-GG,pkt,"Bupleurum, 'Green Gold' - Pkt"
BUP-GG,500s,"Bupleurum, 'Green Gold' - 500 seeds"
BUP-GG,1Ms,"Bupleurum, 'Green Gold' - 1000 seeds"
BUP-GG,5Ms,"Bupleurum, 'Green Gold' - 5000 seeds"
CAL-MX,pkt,Calendula Mix - Pkt
CAL-MX,1/2oz,
CAL-MX,1oz,Calendula Mix - 1 oz
CAL-ZE,pkt,"Calendula, 'Zeolights' - Pkt"
CAL-ZE,250s,"Calendula, 'Zeolights' - 250 seeds"
CEL-RP,pkt,"Celosia, 'Ruby Parfait' - Pkt"
CEL-RP,500s,"Celosia, 'Ruby Parfait' - 500 seeds"
CEL-RP,1Ms,"Celosia, 'Ruby Parfait' - 1000 seeds"
CEL-SC,pkt,"Celosia, 'Supercrest and Friends' - Pkt"
CEL-SC,500s,"Celosia, 'Supercrest and Friends' - 500 seeds"
CEL-SC,1Ms,"Celosia, 'Supercrest and Friends' - 1000 seeds"
CER-PG,pkt,"Cerinthe, 'Pride of Gibraltar' - Pkt"
CER-PG,100s,"Cerinthe, 'Pride of Gibraltar' - 100 seeds"
CER-PG,500s,"Cerinthe, 'Pride of Gibraltar' - 500 seeds"
AST-HP,pkt,"Aster, China, 'Hot Pants' - Pkt"
AST-HP,250s,"Aster, China, 'Hot Pants' - 250 seeds"
AST-HP,1Ms,"Aster, China, 'Hot Pants' - 1000 seeds"
AST-TC,pkt,"Aster, China, 'Tower Chamois' - Pkt"
AST-TC,250s,"Aster, China, 'Tower Chamois' - 250 seeds"
AST-TC,1Ms,"Aster, China, 'Tower Chamois' - 1000 seeds"
AST-HH,pkt,"Aster, China, 'Hazaster Hagen Light Blue' - Pkt"
AST-HH,250s,"Aster, China, 'Hazaster Hagen Light Blue' - 250 seeds"
CLE-VQ,pkt,"Cleome, 'Violet Queen' - Pkt"
CLE-VQ,250s,"Cleome, 'Violet Queen' - 250 seeds"
CLE-VQ,1Ms,"Cleome, 'Violet Queen' - 1000 seeds"
CLB-BL,pkt,"Columbine, 'Black Barlow' - Pkt"
CLB-BL,500s,"Columbine, 'Black Barlow' - 500 seeds"
CLB-BB,pkt,"Columbine, 'Bordeaux Barlow' - Pkt"
CLB-BB,500s,"Columbine, 'Bordeaux Barlow' - 500 seeds"
CLB-BB,1Ms,"Columbine, 'Bordeaux Barlow' - 1000 seeds"
CLB-LS,pkt,"Columbine, 'Longspur' - Pkt"
CLB-LS,500s,"Columbine, 'Longspur' - 500 seeds"
CLB-LS,1Ms,"Columbine, 'Longspur' - 1000 seeds"
CRP-RO,pkt,"Coreopsis, 'Roulette' - Pkt"
CRP-RO,500s,"Coreopsis, 'Roulette' - 500 seeds"
COS-DI,pkt,"Cosmos, 'Diablo' - Pkt"
COS-DI,250s,"Cosmos, 'Diablo' - 250 seeds"
COS-DI,1Ms,"Cosmos, 'Diablo' - 1000 seeds"
COS-SP,pkt,"Cosmos, 'Snow Puff' - Pkt"
COS-SP,250s,"Cosmos, 'Snow Puff' - 250 seeds"
COS-SP,1Ms,"Cosmos, 'Snow Puff' - 1000 seeds"
COS-VE,pkt,"Cosmos, 'Velouette' - Pkt"
COS-VE,250s,"Cosmos, 'Velouette' - 250 seeds"
CRA-SB,pkt,"Craspedia, 'Sun Ball' - Pkt"
CRA-SB,500s,"Craspedia, 'Sun Ball' - 500 seeds"
DAT-SA,pkt,"Datura, 'Sacred Datura' - Pkt"
ERY-BG,pkt,"Eryngium, 'Blue Glitter' - Pkt"
ERY-BG,100s,"Eryngium, 'Blue Glitter' - 100 seeds"
ERY-BG,500s,"Eryngium, 'Blue Glitter' - 500 seeds"
ERY-BG,1Ms,"Eryngium, 'Blue Glitter' - 1000 seeds"
FLA-OM,pkt,"Flax, 'Omega' - Pkt"
FLA-OM,1oz,"Flax, 'Omega' - 1 oz"
FLA-OM,1/4lb,"Flax, 'Omega' - 1/4 lb"
FLA-OM,1lb,"Flax, 'Omega' - 1 lb"
FOX-AB,pkt,"Foxglove, 'Apricot Beauty' - Pkt"
FOX-AB,1/4g,"Foxglove, 'Apricot Beauty' - 1/4 g"
FOX-AB,1g,"Foxglove, 'Apricot Beauty' - 1 g"
FOX-CC,pkt,"Foxglove, 'Café Crème' - Pkt"
FOX-CC,1Ms,"Foxglove, 'Café Crème' - 1000 seeds"
FOX-YH,pkt,"Foxglove, 'Giant Yellow Herold' - Pkt"
FOX-YH,500s,"Foxglove, 'Giant Yellow Herold' - 500 seeds"
FOX-WC,pkt,"Foxglove, 'Wild Cascades' - Pkt"
FOX-WC,1/4g,"Foxglove, 'Wild Cascades' - 1/4 g"
GYP-CG,pkt,"Gypsophila/Baby's Breath, 'Covent Garden' - Pkt"
GYP-CG,1Ms,"Gypsophila/Baby's Breath, 'Covent Garden' - 1000 seeds"
JAC-BP,pkt,"Jacobs Ladder, 'Blue Pearl' - Pkt"
JAC-BP,500s,"Jacobs Ladder, 'Blue Pearl' - 500 seeds"
LAR-BC,pkt,"Larkspur, 'Blue Cloud' - Pkt"
LAR-BC,500s,"Larkspur, 'Blue Cloud' - 500 seeds"
LAR-EG,pkt,"Larkspur, 'Earl Grey' - Pkt"
LAR-EG,250s,"Larkspur, 'Earl Grey' - 250 seeds"
LAR-EG,1Ms,"Larkspur, 'Earl Grey' - 1000 seeds"
LAR-SB,pkt,"Larkspur, 'Salmon Beauty' - Pkt"
LAR-SB,250s,"Larkspur, 'Salmon Beauty' - 250 seeds"
LAR-SB,1Ms,"Larkspur, 'Salmon Beauty' - 1000 seeds"
LAR-WC,pkt,"Larkspur, 'White Cloud' - Pkt"
LAR-WC,500s,"Larkspur, 'White Cloud' - 500 seeds"
MAR-FB,pkt,"Marigold, 'French Brocade' - Pkt"
MAR-FB,250s,"Marigold, 'French Brocade' - 250 seeds"
MAR-GE,pkt,"Marigold, 'Gems' - Pkt"
MAR-GE,250s,"Marigold, 'Gems' - 250 seeds"
MAR-PI,pkt,"Marigold, 'Pinwheel' - Pkt"
MAR-PI,250s,"Marigold, 'Pinwheel' - 250 seeds"
MGL-GO,pkt,"Morning Glory, 'Grandpa Ott's' - Pkt"
MGL-GO,200s,"Morning Glory, 'Grandpa Ott's' - 200 seeds"
VRB-AS,pkt,"Verbascum, 'Arctic Summer' - Pkt"
VRB-AS,1Ms,"Verbascum, 'Arctic Summer' - 1000 seeds"
VRB-PM,pkt,"Verbascum, 'Phoenician Mullein' - Pkt"
VRB-PM,1Ms,"Verbascum, 'Phoenician Mullein' - 1000 seeds"
NAS-AL,pkt,"Nasturtium, 'Alaska' - Pkt"
NAS-AL,1oz,"Nasturtium, 'Alaska' - 1 oz"
NAS-AL,1/4lb,"Nasturtium, 'Alaska' - 1/4 lb"
NAS-TM,pkt,"Nasturtium, 'Trailing Mix' - Pkt"
NAS-TM,1oz,"Nasturtium, 'Trailing Mix' - 1 oz"
NAS-TM,1/4lb,"Nasturtium, 'Trailing Mix' - 1/4 lb"
NIC-LD,pkt,"Nicotiana, 'Langsdorff's Tobacco' - Pkt"
NIC-LD,1Ms,"Nicotiana, 'Langsdorff's Tobacco' - 1000 seeds"
NIC-LG,pkt,"Nicotiana, 'Lime Green' - Pkt"
NIC-PS,pkt,"Nicotiana, 'Peach Screamer' - Pkt"
NIC-PS,1Ms,"Nicotiana, 'Peach Screamer' - 1000 seeds"
NIC-OL,pkt,"Nicotiana, 'Only the Lonely' - Pkt"
NIC-OL,1Ms,"Nicotiana, 'Only the Lonely' - 1000 seeds"
NIG-BS,pkt,"Nigella, 'Blue Stars' - pkt"
NIG-BS,500s,"Nigella, 'Blue Stars' - 500 seeds"
NIG-BS,1Ms,"Nigella, 'Blue Stars' - 1000 seeds"
NIG-EX,pkt,"Nigella, 'Exotica' - Pkt"
NIG-EX,500s,"Nigella, 'Exotica' - 500 seeds"
NIG-EX,1Ms,"Nigella, 'Exotica' - 1000 seeds"
NIG-BV,pkt,"Nigella, 'Bridal Veil' - Pkt"
NIG-BV,500s,"Nigella, 'Bridal Veil' - 500 seeds"
NIG-BV,1Ms,"Nigella, 'Bridal Veil' - 1000 seeds"
NIG-DB,pkt,"Nigella, 'Delft Blue' - Pkt"
NIG-DB,500s,"Nigella, 'Delft Blue' - 500 seeds"
NIG-DB,1Ms,"Nigella, 'Delft Blue' - 1000 seeds"
GRS-FE,pkt,"Ornamental Grass, 'Frosted Explosion' - Pkt"
GRS-FE,500s,"Ornamental Grass, 'Frosted Explosion' - 500 seeds"
GRS-FE,1Ms,"Ornamental Grass, 'Frosted Explosion' - 1000 seeds"
PHA-BF,pkt,"Phacelia, 'Bee's Friend' - Pkt"
PHA-BF,1oz,"Phacelia, 'Bee's Friend' - 1 oz"
POP-AG,pkt,"Poppy, Shirley, 'Amazing Grey' - Pkt"
POP-AG,1g,"Poppy, Shirley, 'Amazing Grey' - 1 gm"
POP-CA,pkt,"Poppy, California, 'California Mix' - Pkt"
POP-BS,pkt,"Poppy, Peony, 'Black Swan' - Pkt"
POP-BS,1g,"Poppy, Peony, 'Black Swan' - 1 gm"
POP-CO,pkt,"Poppy, Shirley, 'Cornfield' - Pkt"
POP-CO,1g,"Poppy, Shirley, 'Cornfield' - 1 gm"
POP-DF,pkt,"Poppy, Breadseed, 'Danish Flag' - pkt"
POP-DF,1g,"Poppy, Breadseed, 'Danish Flag' - 1 g"
POP-FA,pkt,"Poppy, Peony, 'Flemish Antique' - Pkt"
POP-FA,1g,"Poppy, Peony, 'Flemish Antique' - 1 gm"
POP-ZI,pkt,"Poppy, Breadseed, 'Ziar' - Pkt"
POP-ZI,1g,"Poppy, Breadseed, 'Ziar' - 1 g"
POP-PM,pkt,"Poppy, Iceland, 'Pastel Meadows' - Pkt"
POP-PM,500s,"Poppy, Iceland, 'Pastel Meadows' - 500 seeds"
POP-FW,pkt,"Poppy, Peony, 'Frilled White' - Pkt"
POP-FW,1g,"Poppy, Peony, 'Frilled White' - 1 gm"
POP-PA,pkt,"Poppy, Shirley, 'Pandora' - Pkt"
POP-PA,1g,"Poppy, Shirley, 'Pandora' - 1 gm"
RUD-AS,pkt,"Rudbeckia, 'Autumn Sunset' - Pkt"
RUD-AS,500s,"Rudbeckia, 'Autumn Sunset' - 500 seeds"
RUD-GW,pkt,"Rudbeckia, 'Green Wizard' - Pkt"
RUD-GW,500s,"Rudbeckia, 'Green Wizard' - 500 seeds"
RUD-GW,1Ms,"Rudbeckia, 'Green Wizard' - 1000 seeds"
RUD-PG,pkt,"Rudbeckia, 'Prairie Glow' - Pkt"
RUD-PG,500s,"Rudbeckia, 'Prairie Glow' - 500 seeds"
RUD-PR,pkt,"Rudbeckia, 'Prairie Sun' - Pkt"
RUD-PR,500s,"Rudbeckia, 'Prairie Sun' - 500 seeds"
RUD-SH,pkt,"Rudbeckia, 'Sahara' - Pkt"
RUD-SH,500s,"Rudbeckia, 'Sahara' - 500 seeds"
SAL-TH,pkt,"Salvia, 'Texas Hummingbird Sage' - Pkt"
SAL-TH,500s,"Salvia, 'Texas Hummingbird Sage' - 500 seeds"
SAL-TV,pkt,"Salvia, 'Transylvanian Sage' - Pkt"
SAL-TV,250s,"Salvia, 'Transylvanian Sage' - 250 seeds"
SAL-WS,pkt,"Salvia, 'White Swan' - Pkt"
SAL-WS,250s,"Salvia, 'White Swan' - 250 seeds"
SAL-WS,1Ms,"Salvia, 'White Swan' - 1000 seeds"
SCA-BK,pkt,"Scabiosa, 'Black Knight' - Pkt"
SCA-BK,250s,"Scabiosa, 'Black Knight' - 250 seeds"
SCA-FB,pkt,"Scabiosa, 'Fama Deep Blue' - Pkt"
SCA-FB,100s,"Scabiosa, 'Fama Deep Blue' - 100 seeds"
SCA-FB,250s,"Scabiosa, 'Fama Deep Blue' - 250 seeds"
SCA-FM,pkt,"Scabiosa, 'Fata Morgana' - Pkt"
SCA-FM,250s,"Scabiosa, 'Fata Morgana' - 250 seeds"
SCA-GY,pkt,"Scabiosa, 'Giant Yellow' - Pkt"
SCA-GY,100s,"Scabiosa, 'Giant Yellow' - 100 seeds"
SCA-GY,500s,"Scabiosa, 'Giant Yellow' - 500 seeds"
SCA-SB,pkt,"Scabiosa, 'Salmon Queen' - Pkt"
SCA-SB,250s,"Scabiosa, 'Salmon Queen' - 250 seeds"
SCA-SM,pkt,"Scabiosa, 'Snow Maiden' - Pkt"
SCA-SM,250s,"Scabiosa, 'Snow Maiden' - 250 seeds"
SCA-SK,pkt,"Scabiosa, 'Sternkugel' - Pkt"
SCA-SK,250s,"Scabiosa, 'Sternkugel' - 100 seeds"
SCA-SK,500s,"Scabiosa, 'Sternkugel' - 500 seeds"
POP-MP,pkt,"Poppy, Shirley 'Mother of Pearl' - Pkt"
POP-MP,1g,"Poppy, Shirley 'Mother of Pearl' - 1 gm"
STR-AP,pkt,"Strawflower, 'Apricot Peach Mix' - Pkt"
STR-AP,500s,"Strawflower, 'Apricot Peach Mix' - 500 seeds"
STR-MF,pkt,"Strawflower, 'Monstrosum Fireball' - Pkt"
STR-MF,500s,"Strawflower, 'Monstrosum Fireball' - 500 seeds"
STR-SR,pkt,"Strawflower, 'Silvery Rose' - Pkt"
STR-SR,500s,"Strawflower, 'Silvery Rose' - 500 seeds"
SUN-GA,pkt,"Sunflower, 'Garden Anarchy Mix' - Pkt"
SUN-GA,100s,"Sunflower, 'Garden Anarchy Mix' - 100 seeds"
SUN-GA,1Ms,"Sunflower, 'Garden Anarchy Mix' - 1000 seeds"
SUN-GS,pkt,"Sunflower, 'Giant Sungold' - Pkt"
SUN-GS,100s,"Sunflower, 'Giant Sungold' - 100 seeds"
SUN-RE,pkt,"Sunflower, 'Reds' - Pkt"
SUN-RE,100s,"Sunflower, 'Reds' - 100 seeds"
SUN-RE,1Ms,"Sunflower, 'Reds' - 1000 seeds"
SUN-SO,pkt,"Sunflower, 'Soraya' - Pkt"
SUN-SO,100s,"Sunflower, 'Soraya' - 100 seeds"
SUN-SO,1Ms,"Sunflower, 'Soraya' - 1000 seeds"
SUN-TA,pkt,Sunflower 'Tarahumara' - Pkt
SUN-TA,100s,Sunflower 'Tarahumara' - 100 seeds
SUN-TA,1Ms,Sunflower 'Tarahumara' - 1000 seeds
SUN-TG,pkt,Sunflower 'Transylvanian Giant' - Pkt
SUN-TG,100s,Sunflower 'Transylvanian Giant' - 100 seeds
SUN-TO,pkt,"Sunflower, Mexican, 'Torch' - Pkt"
SUN-TO,250s,"Sunflower, Mexican, 'Torch' - 250 seeds"
SWP-AP,pkt,"Sweet Pea, 'April in Paris' - Pkt"
SWP-AP,100s,"Sweet Pea, 'April in Paris' - 100 seeds"
VET-AZ,pkt,"Sweet Pea Sp., 'Azureus' - Pkt"
VET-AZ,100s,"Sweet Pea Sp., 'Azureus' - 100 seeds"
VET-AZ,500s,"Sweet Pea Sp., 'Azureus' - 500 seeds"
VET-AZ,1/4lb,"Sweet Pea Sp., 'Azureus' - 1/4 lb"
SWP-BR,pkt,"Sweet Pea, 'Bristol' - Pkt"
SWP-BR,100s,"Sweet Pea, 'Bristol' - 100 seeds"
SWP-FN,pkt,"Sweet Pea, 'Flora Norton' - Pkt"
SWP-FN,100s,"Sweet Pea, 'Flora Norton' - 100 seeds"
SWP-HS,pkt,"Sweet Pea, 'Heaven Scent' - Pkt"
SWP-JJ,pkt,"Sweet Pea, 'Just Jenny' - Pkt"
SWP-JJ,100s,"Sweet Pea, 'Just Jenny' - 100 seeds"
SWP-KF,pkt,"Sweet Pea, 'Kingfisher' - Pkt"
SWP-KF,100s,"Sweet Pea, 'Kingfisher' - 100 seeds"
SWP-LC,pkt,"Sweet Pea Sp., 'Lathyrus Chloranthus' - Pkt"
SWP-LC,1/4oz,"Sweet Pea Sp., 'Lathyrus Chloranthus' - 1/4 oz"
SWP-LC,1oz,"Sweet Pea Sp., 'Lathyrus Chloranthus' - 1 oz"
SWP-LB,pkt,"Sweet Pea, 'Lunar Blue' - Pkt"
SWP-LB,100s,"Sweet Pea, 'Lunar Blue' - 100 seeds"
SWP-MW,pkt,"Sweet Pea, 'Miss Wilmott' - Pkt"
SWP-MW,100s,"Sweet Pea, 'Miss Wilmott' - 100 seeds"
SWP-MR,pkt,"Sweet Pea, 'Mollie Rilstone' - Pkt"
SWP-MR,100s,"Sweet Pea, 'Mollie Rilstone' - 100 seeds"
SWP-NI,pkt,"Sweet Pea, 'Nimbus' - Pkt"
SWP-NI,100s,"Sweet Pea, 'Nimbus' - 100 seeds"
SWP-SZ,pkt,"Sweet Pea, 'Suzy Z' - Pkt"
SWP-SZ,100s,"Sweet Pea, 'Suzy Z' - 100 seeds"
SWP-TL,pkt,"Sweet Pea, 'Turquoise Lagoon' - Pkt"
SWP-TL,100s,"Sweet Pea, 'Turquoise Lagoon' - 100 seeds"
SWP-WR,pkt,"Sweet Pea, 'Wiltshire Ripple' - Pkt"
SWP-WR,100s,"Sweet Pea, 'Wiltshire Ripple' - 100 seeds"
SWP-WN,pkt,"Sweet Pea, 'Windsor' - Pkt"
SWP-WN,100s,"Sweet Pea, 'Windsor' - 100 seeds"
ZIN-BE,pkt,"Zinnia, 'Benary's Giant Mix' - Pkt"
ZIN-BE,250s,"Zinnia, 'Benary's Giant Mix' - 250 seeds"
ZIN-BE,1Ms,"Zinnia, 'Benary's Giant Mix' - 1000 seeds"
ZIN-QR,pkt,"Zinnia, 'Queen Red Lime' - Pkt"
ZIN-QR,250s,"Zinnia, 'Queen Red Lime' - 250 seeds"
ZIN-QR,1Ms,"Zinnia, 'Queen Red Lime' - 1000 seeds"
ZIN-SR,pkt,"Zinnia, 'Salmon Rose' - Pkt"
ZIN-SR,250s,"Zinnia, 'Salmon Rose' - 250 seeds"
ZIN-SR,1Ms,"Zinnia, 'Salmon Rose' - 1000 seeds"
ZIN-ZL,pkt,"Zinnia, 'Zinderella Lilac' - Pkt"
ZIN-ZL,100s,"Zinnia, 'Zinderella Lilac' - 100 seeds"
ZIN-ZL,500s,"Zinnia, 'Zinderella Lilac' - 500 seeds"
ZIN-ZP,pkt,"Zinnia, 'Zinderella Peach' - Pkt"
ZIN-ZP,100s,"Zinnia, 'Zinderella Peach' - 100 seeds"
ZIN-ZP,500s,"Zinnia, 'Zinderella Peach' - 500 seeds"
ZIN-OC,pkt,"Zinnia, 'Oklahoma Carmine' - Pkt"
SMA-VM,pkt,"Cabbage, 'Verza Moretta di Veronella' - Pkt"
SMA-VM,500s,"Cabbage, 'Verza Moretta di Veronella' - 500 seeds"
SMA-VM,1Ms,"Cabbage, 'Verza Moretta di Veronella' - 1000 seeds"
SMA-VM,5Ms,"Cabbage, 'Verza Moretta di Veronella' - 5000 seeds"
SMA-VM,25Ms,"Cabbage, 'Verza Moretta di Veronella' - 25000 seeds"
AST-TS,pkt,"Aster, China, 'Tower Silver' - Pkt"
AST-TS,250s,"Aster, China, 'Tower Silver' - 250 seeds"
AST-TS,1Ms,"Aster, China, 'Tower Silver' - 1000 seeds"
COS-CH,pkt,"Cosmos, 'Chocolate' - Pkt"
COS-XS,pkt,"Cosmos, 'Xsenia' - Pkt"
COS-XS,250s,"Cosmos, 'Xsenia' - 250 seeds"
COS-XS,1Ms,"Cosmos, 'Xsenia' - 1000 seeds"
GRE-BC,pkt,"Chrysanthemum/Shungiku, 'Broadleaf' - Pkt"
GRE-BC,1/4oz,"Chrysanthemum/Shungiku, 'Broadleaf' - 1/4 oz"
GRE-BC,1oz,"Chrysanthemum/Shungiku, 'Broadleaf' - 1oz"
LAR-PB,pkt,"Delphinium, Chinese, 'Pink Butterfly' - Pkt"
LAR-PB,250s,"Delphinium, Chinese, 'Pink Butterfly' - 250 seeds"
FMN-MR,pkt,"Forget-Me-Not, Chinese, 'Mystery Rose' - Pkt"
MIX-BR,pkt,Uprising Braising Mix - Pkt
MIX-IN,pkt,Pollinator and Soil Builder Mix - Pkt
DIA-SO,pkt,"Dianthus, 'Sooty' - Pkt"
DIA-SO,500s,"Dianthus, 'Sooty' - 500 seeds"
SAP-WB,pkt,"Saponaria, 'White Beauty' - Pkt"
SAP-WB,1/2oz,"Saponaria, 'White Beauty' - 1/2 oz"
SNA-RB,pkt,"Snapdragon, 'Royal Bride' - Pkt"
SNA-RB,1Ms,"Snapdragon, 'Royal Bride' - 1000 seeds"
FOC-FM,pkt,"Four O'Clocks, 'Full Moon' - Pkt"
FOC-ST,pkt,"Four O'Clocks, 'Strega' - Pkt"
FOC-ST,100s,"Four O'Clocks, 'Strega' - 100 seeds"
FOC-ST,1Ms,"Four O'Clocks, 'Strega' - 1000 seeds"
FOC-FT,pkt,"Four O'Clocks, 'Fairy Trumpets' - Pkt"
CEL-MO,pkt,"Celeriac, 'Monarch' - Pkt"
CEL-MO,1Ms,"Celeriac, 'Monarch' - 1000 seeds"
CEL-MO,5Ms,"Celeriac, 'Monarch' - 5000 seeds"
CEL-MO,25Ms,"Celeriac, 'Monarch' - 25000 seeds"
DID-LB,pkt,"Didiscus, 'Blue Lace Flower' - Pkt"
DID-LB,500s,"Didiscus, 'Blue Lace Flower' - 500 seeds"
MIG-AM,pkt,"Mignonette, 'Ameliorata' - Pkt"
MIG-AM,1Ms,"Mignonette, 'Ameliorata' - 1000 seeds"
MON-LB,pkt,"Monarda, 'Lemon Bergamot' - Pkt"
MON-LB,500s,"Monarda, 'Lemon Bergamot' - 500 seeds"
SMA-BE,pkt,"Radicchio (Variegato di Castelfranco), 'Beatrice' - Pkt"
SMA-BE,500s,"Radicchio (Variegato di Castelfranco), 'Beatrice' - 500 seeds"
SMA-BE,1Ms,"Radicchio (Variegato di Castelfranco), 'Beatrice' - 1000 seeds"
SMA-BE,5Ms,"Radicchio (Variegato di Castelfranco), 'Beatrice' - 5000 seeds"
SMA-BE,25Ms,"Radicchio (Variegato di Castelfranco), 'Beatrice' - 25000 seeds"
SMA-BB,pkt,"Cauliflower, 'Broccolo di Bassano (il Bonorivo)' - Pkt"
SMA-BB,500s,"Cauliflower, 'Broccolo di Bassano (il Bonorivo)' - 500 seeds"
SMA-BB,1Ms,"Cauliflower, 'Broccolo di Bassano (il Bonorivo)' - 1000 seeds"
SMA-BB,5Ms,"Cauliflower, 'Broccolo di Bassano (il Bonorivo)' - 5000 seeds"
SMA-BB,25Ms,"Cauliflower, 'Broccolo di Bassano (il Bonorivo)' - 25000 seeds"
SMA-BT,pkt,"Cauliflower, 'Broccolo di Bassano (il Tardivo)' - Pkt"
SMA-BT,500s,"Cauliflower, 'Broccolo di Bassano (il Tardivo)' - 500 seeds"
SMA-BT,1Ms,"Cauliflower, 'Broccolo di Bassano (il Tardivo)' - 1000 seeds"
SMA-BT,5Ms,"Cauliflower, 'Broccolo di Bassano (il Tardivo)' - 5000 seeds"
SMA-BT,25Ms,"Cauliflower, 'Broccolo di Bassano (il Tardivo)' - 25000 seeds"
SMA-DT,pkt,"Radicchio (Variegato di Lusia), 'Delta' - Pkt"
SMA-DT,500s,"Radicchio (Variegato di Lusia), 'Delta' - 500 seeds"
SMA-DT,1Ms,"Radicchio (Variegato di Lusia), 'Delta' - 1000 seeds"
SMA-DT,5Ms,"Radicchio (Variegato di Lusia), 'Delta' - 5000 seeds"
SMA-DT,25Ms,"Radicchio (Variegato di Lusia), 'Delta' - 25000 seeds"
SMA-ET,pkt,"Radicchio (Rosso di Chioggia), 'Etna' - Pkt"
SMA-ET,500s,"Radicchio (Rosso di Chioggia), 'Etna' - 500 seeds"
SMA-ET,1Ms,"Radicchio (Rosso di Chioggia), 'Etna' - 1000 seeds"
SMA-ET,5Ms,"Radicchio (Rosso di Chioggia), 'Etna' - 5000 seeds"
SMA-ET,25Ms,"Radicchio (Rosso di Chioggia), 'Etna' - 25000 seeds"
SMA-FX,pkt,"Chicory (Catalogna Gigante di Chioggia), 'Felix' - Pkt"
SMA-FX,500s,"Chicory (Catalogna Gigante di Chioggia), 'Felix' - 500 seeds"
SMA-FX,1Ms,"Chicory (Catalogna Gigante di Chioggia), 'Felix' - 1000 seeds"
SMA-FX,5Ms,"Chicory (Catalogna Gigante di Chioggia), 'Felix' - 5000 seeds"
SMA-FX,25Ms,"Chicory (Catalogna Gigante di Chioggia), 'Felix' - 25000 seeds"
SMA-LT,pkt,"Radicchio (Variegato di Castelfranco), 'Lentiggini' - Pkt"
SMA-LT,500s,"Radicchio (Variegato di Castelfranco), 'Lentiggini' - 500 seeds"
SMA-LT,1Ms,"Radicchio (Variegato di Castelfranco), 'Lentiggini' - 1000 seeds"
SMA-LT,5Ms,"Radicchio (Variegato di Castelfranco), 'Lentiggini' - 5000 seeds"
SMA-LT,25Ms,"Radicchio (Variegato di Castelfranco), 'Lentiggini' - 25000 seeds"
SMA-RS,pkt,"Radicchio (Rosa del Veneto), 'Rosato' - Pkt"
SMA-RS,500s,"Radicchio (Rosa del Veneto), 'Rosato' - 500 seeds"
SMA-RS,1Ms,"Radicchio (Rosa del Veneto), 'Rosato' - 1000 seeds"
SMA-RS,5Ms,"Radicchio (Rosa del Veneto), 'Rosato' - 5000 seeds"
SMA-RS,25Ms,"Radicchio (Rosa del Veneto), 'Rosato' - 25000 seeds"
SMA-MT,pkt,"Escarole, 'Matilde' - Pkt"
SMA-MT,500s,"Escarole, 'Matilde' - 500 seeds"
SMA-MT,1Ms,"Escarole, 'Matilde' - 1000 seeds"
SMA-MT,5Ms,"Escarole, 'Matilde' - 5000 seeds"
SMA-MT,25Ms,"Escarole, 'Matilde' - 25000 seeds"
SMA-MB,pkt,"Radicchio (Variegato di Castelfranco), 'Mirabella' - Pkt"
SMA-MB,500s,"Radicchio (Variegato di Castelfranco), 'Mirabella' - 500 seeds"
SMA-MB,1Ms,"Radicchio (Variegato di Castelfranco), 'Mirabella' - 1000 seeds"
SMA-MB,5Ms,"Radicchio (Variegato di Castelfranco), 'Mirabella' - 5000 seeds"
SMA-MB,25Ms,"Radicchio (Variegato di Castelfranco), 'Mirabella' - 25000 seeds"
SMA-PA,pkt,"Radicchio (Rosso di Treviso Precoce), 'Pacifico' - Pkt"
SMA-PA,500s,"Radicchio (Rosso di Treviso Precoce), 'Pacifico' - 500 seeds"
SMA-PA,1Ms,"Radicchio (Rosso di Treviso Precoce), 'Pacifico' - 1000 seeds"
SMA-PA,5Ms,"Radicchio (Rosso di Treviso Precoce), 'Pacifico' - 5000 seeds"
SMA-PA,25Ms,"Radicchio (Rosso di Treviso Precoce), 'Pacifico' - 25000 seeds"
SMA-PN,pkt,"Radicchio (Bianco di Chioggia), 'Palla di Neve' - Pkt"
SMA-PN,500s,"Radicchio (Bianco di Chioggia), 'Palla di Neve' - 500 seeds"
SMA-PN,1Ms,"Radicchio (Bianco di Chioggia), 'Palla di Neve' - 1000 seeds"
SMA-PN,5Ms,"Radicchio (Bianco di Chioggia), 'Palla di Neve' - 5000 seeds"
SMA-PN,25Ms,"Radicchio (Bianco di Chioggia), 'Palla di Neve' - 25000 seeds"
SMA-PQ,pkt,"Radicchio (Rosso di Verona), 'Pasqualino' - Pkt"
SMA-PQ,500s,"Radicchio (Rosso di Verona), 'Pasqualino' - 500 seeds"
SMA-PQ,1Ms,"Radicchio (Rosso di Verona), 'Pasqualino' - 1000 seeds"
SMA-PQ,5Ms,"Radicchio (Rosso di Verona), 'Pasqualino' - 5000 seeds"
SMA-PQ,25Ms,"Radicchio (Rosso di Verona), 'Pasqualino' - 25000 seeds"
SMA-RR,pkt,"Radicchio (Rosso di Treviso Precoce), 'Regina Rossa' - Pkt"
SMA-RR,500s,"Radicchio (Rosso di Treviso Precoce), 'Regina Rossa' - 500 seeds"
SMA-RR,1Ms,"Radicchio (Rosso di Treviso Precoce), 'Regina Rossa' - 1000 seeds"
SMA-RR,5Ms,"Radicchio (Rosso di Treviso Precoce), 'Regina Rossa' - 5000 seeds"
SMA-RR,25Ms,"Radicchio (Rosso di Treviso Precoce), 'Regina Rossa' - 25000 seeds"
SMA-RM,pkt,"Radicchio (Rosso di Verona), 'Romeo' - Pkt"
SMA-RM,500s,"Radicchio (Rosso di Verona), 'Romeo' - 500 seeds"
SMA-RM,1Ms,"Radicchio (Rosso di Verona), 'Romeo' - 1000 seeds"
SMA-RM,5Ms,"Radicchio (Rosso di Verona), 'Romeo' - 5000 seeds"
SMA-RM,25Ms,"Radicchio (Rosso di Verona), 'Romeo' - 25000 seeds"
SMA-SH,pkt,"Radicchio (Rosso di Chioggia), 'Santa Helena' - Pkt"
SMA-SH,500s,"Radicchio (Rosso di Chioggia), 'Santa Helena' - 500 seeds"
SMA-SH,1Ms,"Radicchio (Rosso di Chioggia), 'Santa Helena' - 1000 seeds"
SMA-SH,5Ms,"Radicchio (Rosso di Chioggia), 'Santa Helena' - 5000 seeds"
SMA-SH,25Ms,"Radicchio (Rosso di Chioggia), 'Santa Helena' - 25000 seeds"
SMA-VE,pkt,"Radicchio (Rosso di Chioggia), 'Vesuvio' - Pkt"
SMA-VE,500s,"Radicchio (Rosso di Chioggia), 'Vesuvio' - 500 seeds"
SMA-VE,1Ms,"Radicchio (Rosso di Chioggia), 'Vesuvio' - 1000 seeds"
SMA-VE,5Ms,"Radicchio (Rosso di Chioggia), 'Vesuvio' - 5000 seeds"
SMA-VE,25Ms,"Radicchio (Rosso di Chioggia), 'Vesuvio' - 25000 seeds"
KAL-RR,pkt,"Kale, 'Red Russian' - Pkt"
KAL-RR,1/4oz,"Kale, 'Red Russian' - 1/4 oz"
KAL-RR,1oz,"Kale, 'Red Russian' - 1 oz"
KAL-RR,1/4lb,"Kale, 'Red Russian' - 1/4 lb"
HER-CM,pkt,Common Mullein - Pkt
SMA-VG,pkt,"Radicchio (Goriziana), 'Voglia' - Pkt"
SMA-VG,500s,"Radicchio (Goriziana), 'Voglia' - 500 seeds"
SMA-VG,1Ms,"Radicchio (Goriziana), 'Voglia' - 1000 seeds"
SMA-VG,5Ms,"Radicchio (Goriziana), 'Voglia' - 5000 seeds"
SMA-AC,pkt,"Radicchio (Variegato di Chioggia), 'Acquerello' - Pkt"
SMA-AC,500s,"Radicchio (Variegato di Chioggia), 'Acquerello' - 500 seeds"
SMA-AC,1Ms,"Radicchio (Variegato di Chioggia), 'Acquerello' - 1000 seeds"
SMA-AC,5Ms,"Radicchio (Variegato di Chioggia), 'Acquerello' - 5000 seeds"
SMA-CA,pkt,"Curly Endive, 'Capriccio' - Pkt"
SMA-CA,500s,"Curly Endive, 'Capriccio' - 500 seeds"
SMA-CA,1Ms,"Curly Endive, 'Capriccio' - 1000 seeds"
SMA-CA,5Ms,"Curly Endive, 'Capriccio' - 5000 seeds"
SMA-SG,pkt,"Radicchio (Variegato di Lusia), 'Sorgente' - Pkt"
SMA-SG,500s,"Radicchio (Variegato di Lusia), 'Sorgente' - 500 seeds"
SMA-SG,1Ms,"Radicchio (Variegato di Lusia), 'Sorgente' - 1000 seeds"
SMA-SG,5Ms,"Radicchio (Variegato di Lusia), 'Sorgente' - 5000 seeds"
GRE-WA,pkt,"Arugula, 'Wasabi' - Pkt"
GRE-WA,1/8oz,"Arugula, 'Wasabi' - 1/8 oz"
LUP-DT,pkt,"Sweet Lupine, 'Dieta' - Pkt"
POP-LP,pkt,"Poppy, Peony, 'Lilac Pompom' - Pkt"
POP-LP,1g,"Poppy, Peony, 'Lilac Pompom' - 1g"
TGC-QM,pkt,"Tomatillo, 'Queen of Malinalco' - Pkt"
TGC-QM,100s,"Tomatillo, 'Queen of Malinalco' - 100 seeds"
TGC-QM,250s,"Tomatillo, 'Queen of Malinalco' - 250 seeds"
PEP-LY,pkt,"Sweet Pepper, 'Lesya' - Pkt"
PEP-BM,pkt,"Hot Pepper, 'Buena Mulata' - Pkt"
PEP-BM,100s,"Hot Pepper, 'Buena Mulata' - 100 seeds"
PEP-TU,pkt,"Sweet Pepper, 'Tatlı Üçburun' - Pkt"
TOM-PG,pkt,"Tomato, 'Piennolo Giallo' - Pkt"
TOM-PG,100s,"Tomato, 'Piennolo Giallo' - 100 seeds"
TOM-PG,250s,"Tomato, 'Piennolo Giallo' - 250 seeds"
TOM-PR,pkt,"Tomato, 'Piennolo Rosso' - Pkt"
TOM-PR,100s,"Tomato, 'Piennolo Rosso' - 100 seeds"
TOM-PR,250s,"Tomato, 'Piennolo Rosso' - 250 seeds"
ZIN-QP,pkt,"Zinnia, 'Queen Lemon Peach' - Pkt"
TOM-CH,pkts,Cherry Tomato Sampler - 7 Pkts
BEA-MF,pkts,Mangiafagioli Bean Sampler - 4 Pkts
PEA-SP,pkts,Snap Pea Succession Sampler - 3 Pkts
SWP-WF,pkt,"Sweet Pea, 'White Frills' - Pkt"
BEA-SB,pkt,"Bean, Pole Dry, 'San Bernardo Blue' - Pkt"
PEP-LY,100s,"Sweet Pepper, 'Lesya' - 100 seeds"
PEP-LY,250s,"Sweet Pepper, 'Lesya' - 250 seeds"
PEP-LY,1Ms,"Sweet Pepper, 'Lesya' - 1000 seeds"
LAR-PB,1Ms,"Delphinium, Chinese, 'Pink Butterfly' - 1000 seeds"
ZIN-QP,250s,"Zinnia, 'Queen Lemon Peach' - 250 seeds"
MEL-MO,1/2oz,"Melon, 'Moscatello' - 1/2 oz"
PEP-TU,100s,"Sweet Pepper, 'Tatlı Üçburun' - 100 seeds"
PEP-TU,250s,"Sweet Pepper, 'Tatlı Üçburun' - 250 seeds"
WAT-CO,50s,"Watermelon, 'Ҫekirdeği Oyali' - 50 seeds"
SMA-LA,pkt,"Kale, 'Lapo' (Lacinato, Nero di Toscana) - Pkt"
SMA-LA,1Ms,"Kale, 'Lapo' (Lacinato, Nero di Toscana) - 1000 seeds"
SMA-LA,5Ms,"Kale, 'Lapo' (Lacinato, Nero di Toscana) - 5000 seeds"
SMA-LA,10Ms,"Kale, 'Lapo' (Lacinato, Nero di Toscana) - 10000 seeds"
SMA-BO,pkt,"Radicchio (Tardivo), 'Botteniga' - Pkt"
SMA-BO,500s,"Radicchio (Tardivo), 'Botteniga' - 500 seeds"
SMA-BO,1Ms,"Radicchio (Tardivo), 'Botteniga' - 1000 seeds"
SMA-BO,5Ms,"Radicchio (Tardivo), 'Botteniga' - 5000 seeds"
SMA-SA,pkt,"Radicchio (Rosso di Treviso Precoce), 'Sangria' - Pkt"
SMA-SA,500s,"Radicchio (Rosso di Treviso Precoce), 'Sangria' - 500 seeds"
SMA-SA,1Ms,"Radicchio (Rosso di Treviso Precoce), 'Sangria' - 1000 seeds"
SMA-SA,5Ms,"Radicchio (Rosso di Treviso Precoce), 'Sangria' - 5000 seeds"
PEP-SU,pkt,"Pepper, Sweet 'Surmeli' - Pkt"
EGG-RO,pkt,
PEP-RM,pkt,"Sweet Pepper, 'Ros de Mallorca' - Pkt"
TOM-CB,pkt,
TOM-TA,pkt,"Tomato, 'Taiga' - Pkt"
TOM-MO,pkt,
TOM-CL,pkt,"Tomato, 'Captain Lucky' - Pkt"
TOM-KP,pkt,
TOM-SB,pkt,"Tomato, 'Sandburg' - Pkt"
TOM-MS,pkt,"Tomato, 'Midnight Sun' - Pkt"
FOC-BE,pkt,"Four O'Clock, 'Beddu' - Pkt"
NIC-BQ,pkt,"Nicotiana, 'Bronze Queen' - Pkt"
NIC-BQ,1Ms,"Nicotiana, 'Bronze Queen' - 1000 seeds"
SQU-SR,pkt,"Winter Squash, 'Lower Salmon River' - Pkt"
SQU-SR,1oz,"Winter Squash, 'Lower Salmon River' - 1oz"
HER-VE,pkt,"Chervil, 'Vertissimo' - Pkt"
BEA-GR,pkt,"Bean, Bush Snap, 'Gold Rush' - Pkt"
BEA-GR,1/2lb,"Bean, Bush Snap, 'Gold Rush' - 1/2 lb"
BEA-GR,1lb,"Bean, Bush Snap, 'Gold Rush' - 1 lb"
SMA-YS,pkt,"Radicchio (Giallo di Verona), 'Yellowstone' - Pkt"
SMA-YS,500s,"Radicchio (Giallo di Verona), 'Yellowstone' - 500 seeds"
SMA-YS,1Ms,"Radicchio (Giallo di Verona), 'Yellowstone' - 1000 seeds"
SMA-YS,5Ms,"Radicchio (Giallo di Verona), 'Yellowstone' - 5000 seeds"
SMA-GA,pkt,"Radicchio (Rosso di Verona), 'Gaia' - Pkt"
SMA-GA,500s,"Radicchio (Rosso di Verona), 'Gaia' - 500 seeds"
SMA-GA,1Ms,"Radicchio (Rosso di Verona), 'Gaia' - 1000 seeds"
SMA-GA,5Ms,"Radicchio (Rosso di Verona), 'Gaia' - 5000 seeds"
SMA-JO,pkt,"Radicchio (Rosa del Veneto), 'Jolanda' - Pkt"
SMA-JO,500s,"Radicchio (Rosa del Veneto), 'Jolanda' - 500 seeds"
SMA-JO,1Ms,"Radicchio (Rosa del Veneto), 'Jolanda' - 1000 seeds"
SMA-JO,5Ms,"Radicchio (Rosa del Veneto), 'Jolanda' - 5000 seeds"
SMA-SE,pkt,"Radicchio (Pan di Zucchero/Sugarloaf), 'Serena' - Pkt"
SMA-SE,500s,"Radicchio (Pan di Zucchero/Sugarloaf), 'Serena' - 500 seeds"
SMA-SE,1Ms,"Radicchio (Pan di Zucchero/Sugarloaf), 'Serena' - 1000 seeds"
SMA-SE,5Ms,"Radicchio (Pan di Zucchero/Sugarloaf), 'Serena' - 5000 seeds"
SMA-MR,pkt,"Cabbage, 'Verza Marinanta' - Pkt"
SMA-MR,500s,"Cabbage, 'Verza Marinanta' - 500 seeds"
SMA-MR,1Ms,"Cabbage, 'Verza Marinanta' - 1000 seeds"
SMA-MR,5Ms,"Cabbage, 'Verza Marinanta' - 5000 seeds"
SNA-OW,pkt,"Snapdragon, 'Orange Wonder' - Pkt"
SNA-OW,1Ms,"Snapdragon, 'Orange Wonder' - 1000 seeds"
STB-AW,pkt,"Strawberry, 'Alpine White' - Pkt"
TOM-KK,pkt,"Tomato, 'Kurtovo Konare' - Pkt"
TOM-KK,50s,"Tomato, 'Kurtovo Konare' - 50 seeds"
BEA-KM,pkt,"Bean, Pole Dry, 'Kaimame' - Pkt"
BEA-KM,1/2lb,"Bean, Pole Dry, 'Kaimame' - 1/2 lb"
BEA-KM,1lb,"Bean, Pole Dry, 'Kaimame' - 1 lb"
COS-BR,pkt,
COS-CW,pkt,"Cosmos, 'Cupcake White' - Pkt"
COS-CW,250s,"Cosmos, 'Cupcake White' - 250 seeds"
COS-CW,1Ms,"Cosmos, 'Cupcake White' - 1000 seeds"
SWP-PO,pkt,"Sweet Pea, 'Prince of Orange' - Pkt"
SWP-CW,pkt,
ZIN-IS,pkt,"Zinnia, 'Isabellina' - Pkt"
ZIN-IS,250s,"Zinnia, 'Isabellina' - 250 seeds"
HER-GP,pkt,"Basil, Greek 'Greco a Palla' - Pkt"
HER-GP,1/8oz,"Basil, Greek 'Greco a Palla' - 1/8 oz"
HER-ZO,pkt,
TOM-DC,pkt,
PAR-SS,pkt,"Parsnip, 'Schleswiger Schnee' - Pkt"
PAR-SS,1/4oz,"Parsnip, 'Schleswiger Schnee' - 1/4 oz"
PAR-SS,1/2oz,
PAR-SS,1oz,"Parsnip, 'Schleswiger Schnee' - 1 oz"
CAR-CO,pkt,
BEA-BI,pkt,"Bean, Bush Dry, 'Biruma' - Pkt"
BEA-BI,1/2lb,"Bean, Bush Dry, 'Biruma' - 1/2 lb"
BEA-BI,1lb,"Bean, Bush Dry, 'Biruma' - 1 lb"
SWP-RE,pkt,"Sweet Pea, 'Restormel' - Pkt"
SWP-RE,100s,"Sweet Pea, 'Restormel' - 100 seeds"
SWP-AB,pkt,"Sweet Pea, 'Almost Black' - Pkt"
SWP-AB,100s,"Sweet Pea, 'Almost Black' - 100 seeds"
SWP-CI,pkt,
SWP-MA,pkt,
BEA-GI,pkt,"Bean, Pole Dry, 'Gialèt' - Pkt"
BEA-GI,1/2lb,"Bean, Pole Dry, 'Gialèt' - 1/2 lb"
BEA-GI,1lb,"Bean, Pole Dry, 'Gialèt' - 1 lb"
SWP-EM,pkt,"Sweet Pea, 'Ella Mountbatten' - Pkt"
SWP-EM,100s,"Sweet Pea, 'Ella Mountbatten' - 100 seeds"
SMA-BR,pkt,Bandarossa - pkt
BEE-LU,2.5lb,
SMA-BR,500s,
SMA-BR,1Ms,
SQU-MG,1oz,"Winter Squash, 'Marine Grey Kabocha' - 1 oz"
