SKU Prefix,SKU Suffix,Label,Pkg Size,ENV,Print Back,Multiplier,ALT SKU,Rack locations,Bulk Pre Pack
BEA-CA,pkt,2,Net wt. 1 oz,Bean,YES,1,,4.07,
BEA-CA,1/2lb,2,Net wt. 1/2 lb •,SM Coffee,YES,1,,0.2,
BEA-CA,1lb,2,Net wt. 1 lb •,SM Coffee,YES,1,,0.2,
BEA-HP,pkt,2,Net wt. 1 oz,Bean,YES,1,,4.08,
BEA-HP,1/2lb,2,Net wt. 1/2 lb •,SM Coffee,YES,1,,0.2,
BEA-HP,1lb,2,Net wt. 1 lb •,SM Coffee,YES,1,,0.2,
BEA-HR,pkt,2,Net wt. 1/2 oz,Bean,YES,1,,4.13,
BEA-HR,1/2lb,2,Net wt. 1/2 lb •,SM Coffee,YES,1,,0.2,
BEA-HR,1lb,2,Net wt. 1 lb •,SM Coffee,YES,1,,0.2,
BEA-HU,pkt,2,Net wt. 1 oz,Bean,YES,1,,4.14,
BEA-HU,1/2lb,2,Net wt. 1/2 lb •,SM Coffee,YES,1,,0.2,
BEA-HU,1lb,2,Net wt. 1 lb •,SM Coffee,YES,1,,0.2,
BEA-IC,pkt,2,Net wt. 1 oz,Bean,YES,1,,4.15,
BEA-IC,1/2lb,2,Net wt. 1/2 lb •,SM Coffee,YES,1,,0.2,
BEA-IC,1lb,2,Net wt. 1 lb •,SM Coffee,YES,1,,0.2,
BEA-JC,pkt,2,Net wt. 1 oz,Bean,YES,1,,4.16,
BEA-JC,1/2lb,2,Net wt. 1/2 lb •,SM Coffee,YES,1,,0.2,
BEA-JC,1lb,2,Net wt. 1 lb •,SM Coffee,YES,1,,0.2,
BEA-JG,pkt,2,Net wt. 1 oz,Bean,YES,1,,4.17,
BEA-JG,1/2lb,2,Net wt. 1/2 lb •,SM Coffee,YES,1,,0.2,
BEA-JG,1lb,2,Net wt. 1 lb •,SM Coffee,YES,1,,0.2,
BEA-KY,pkt,2,Net wt. 1 oz,Bean,YES,1,,4.19,
BEA-KY,1/2lb,2,Net wt. 1/2 lb •,SM Coffee,YES,1,,0.2,
BEA-KY,1lb,2,Net wt. 1 lb •,SM Coffee,YES,1,,0.2,
BEA-LC,pkt,2,Net wt. 1 oz,Bean,YES,1,,4.2,
BEA-LC,1/2lb,2,Net wt. 1/2 lb •,SM Coffee,YES,1,,0.2,
BEA-LC,1lb,2,Net wt. 1 lb •,SM Coffee,YES,1,,0.2,
BEA-MX,pkt,2,Net wt. 1 oz,Bean,YES,1,,4.21,
BEA-MX,1/2lb,2,Net wt. 1/2 lb •,SM Coffee,YES,1,,0.2,
BEA-MX,1lb,2,Net wt. 1 lb •,SM Coffee,YES,1,,0.2,
BEA-PU,pkt,2,Net wt. 1 oz,Bean,YES,1,,4.26,
BEA-PU,1/2lb,2,Net wt. 1/2 lb •,SM Coffee,YES,1,,0.2,
BEA-RO,pkt,2,Net wt. 1 oz,Bean,YES,1,,4.27,
BEA-RO,1/2lb,2,Net wt. 1/2 lb •,SM Coffee,YES,1,,0.2,
BEA-RO,1lb,2,Net wt. 1 lb •,SM Coffee,YES,1,,0.2,
BEA-RO,2.5lb,2,Net wt. 2½ lb ••,LG Coffee,YES,1,,0.2,
BEA-RO,5lb,2,Net wt. 5 lb,LG Coffee,YES,2,BEA-RO-2.5lb,0.2,
BEA-RL,pkt,2,Net wt. 1 oz,Bean,YES,1,,4.28,
BEA-RL,1/2lb,2,Net wt. 1/2 lb •,SM Coffee,YES,1,,0.2,
BEA-RL,1lb,2,Net wt. 1 lb •,SM Coffee,YES,1,,0.2,
BEA-RL,2.5lb,2,Net wt. 2½ lb ••,LG Coffee,YES,1,,0.2,
BEA-RL,5lb,2,Net wt. 5 lb,LG Coffee,YES,2,BEA-RL-2.5lb,0.2,
BEA-TE,pkt,2,Net wt. 1 oz,Bean,YES,1,,4.32,
BEA-TE,1/2lb,2,Net wt. 1/2 lb •,SM Coffee,YES,1,,0.2,
BEA-TE,1lb,2,Net wt. 1 lb •,SM Coffee,YES,1,,0.2,
BEA-VE,pkt,2,Net wt. 1 oz,Bean,YES,1,,4.35,
BEA-VE,1/2lb,2,Net wt. 1/2 lb •,SM Coffee,YES,1,,0.2,
BEA-VE,1lb,2,Net wt. 1 lb •,SM Coffee,YES,1,,0.2,
BEA-ZO,pkt,2,Net wt. 1 oz,Bean,YES,1,,4.36,
BEA-ZO,1/2lb,2,Net wt. 1/2 lb •,SM Coffee,YES,1,,0.2,
BEA-ZO,1lb,2,Net wt. 1 lb •,SM Coffee,YES,1,,0.2,
BEA-FL,pkt,2,Net wt. 1 oz,Bean,YES,1,,4.1,
BEA-FL,1/2lb,2,Net wt. 1/2 lb •,SM Coffee,YES,1,,0.2,
BEA-FL,1lb,2,Net wt. 1 lb •,SM Coffee,YES,1,,0.2,
BEA-BP,pkt,2,Net wt. 1/2 oz,Bean,YES,1,,4.05,
BEA-BP,1/2lb,2,Net wt. 1/2 lb •,SM Coffee,YES,1,,0.2,
BEA-BP,1lb,2,Net wt. 1 lb •,SM Coffee,YES,1,,0.2,
BEA-DR,pkt,2,Net wt. 1 oz,Bean,YES,1,,4.09,
BEA-DR,1/2lb,2,Net wt. 1/2 lb •,SM Coffee,YES,1,,0.2,
BEA-DR,1lb,2,Net wt. 1 lb •,SM Coffee,YES,1,,0.2,
BEA-EM,pkt,2,Net wt. 1 oz,Bean,YES,1,,4.65,
BEA-EM,1/2lb,2,Net wt. 1/2 lb •,SM Coffee,YES,1,,0.2,
BEA-EM,1lb,2,Net wt. 1 lb •,SM Coffee,YES,1,,0.2,
BEA-EM,2.5lb,2,Net wt. 2½ lb ••,LG Coffee,YES,1,,0.2,
BEA-EM,5lb,2,Net wt. 5 lb,LG Coffee,YES,2,BEA-EM-2.5lb,0.2,
BEA-PR,pkt,2,Net wt. 1 oz,Bean,YES,1,,4.25,
BEA-PR,1/2lb,2,Net wt. 1/2 lb •,SM Coffee,YES,1,,0.2,
BEA-PR,1lb,2,Net wt. 1 lb •,SM Coffee,YES,1,,0.2,
BEA-PR,2.5lb,2,Net wt. 2½ lb ••,LG Coffee,YES,1,,0.2,
BEA-PR,5lb,2,Net wt. 5 lb,LG Coffee,YES,2,BEA-PR-2.5lb,0.2,
BEA-TP,pkt,2,Net wt. 1 oz,Bean,YES,1,,4.68,
BEA-TP,1/2lb,2,Net wt. 1/2 lb •,SM Coffee,YES,1,,0.2,
BEA-TP,1lb,2,Net wt. 1 lb •,SM Coffee,YES,1,,0.2,
FAV-AQ,pkt,2,Approx. 20-25 seeds,Veg,YES,1,,4.42,
FAV-AQ,1/2lb,2,Net wt. 1/2 lb •,SM Coffee,YES,1,,0.2,
FAV-AQ,1lb,2,Net wt. 1 lb •,SM Coffee,YES,1,,0.2,
FAV-FI,pkt,2,Approx. 20-25 seeds,Veg,YES,1,,4.43,
FAV-FI,1/2lb,2,Net wt. 1/2 lb •,SM Coffee,YES,1,,0.2,
FAV-KA,pkt,2,Approx. 20-25 seeds,Veg,YES,1,,4.44,
FAV-KA,1/2lb,2,Net wt. 1/2 lb •,SM Coffee,YES,1,,0.2,
FAV-KA,1lb,2,Net wt. 1 lb •,SM Coffee,YES,1,,0.2,
FAV-MP,pkt,2,Approx. 20-25 seeds,Veg,YES,1,,4.45,
FAV-MP,1/2lb,2,Net wt. 1/2 lb •,SM Coffee,YES,1,,0.2,
FAV-MP,1lb,2,Net wt. 1 lb •,SM Coffee,YES,1,,0.2,
GAR-BK,pkt,2,Net wt. 1 oz,Veg,YES,1,,4.4,
GAR-BK,1/2lb,2,Net wt. 1/2 lb •,SM Coffee,YES,1,,0.2,
GAR-BK,1lb,2,Net wt. 1 lb •,SM Coffee,YES,1,,0.2,
BEA-CI,pkt,2,Net wt. 1/2 oz,Veg,YES,1,,4.37,
BEA-CI,1/2lb,2,Net wt. 1/2 lb •,SM Coffee,YES,1,,0.2,
BEA-TA,pkt,2,Approx. 40 seeds,Bean,YES,1,,4.01,
BEA-TA,1/2lb,2,Net wt. 1/2 lb •,SM Coffee,YES,1,,0.2,
BEA-AT,pkt,2,Approx. 40 seeds,Bean,YES,1,,4.33,
BEA-AT,1/2lb,2,Net wt. 1/2 lb •,SM Coffee,YES,1,,0.2,
BEA-AJ,pkt,2,Approx. 40 seeds,Bean,YES,1,,4.03,
BEA-AJ,1/2lb,2,Net wt. 1/2 lb •,SM Coffee,YES,1,,0.2,
BEA-BG,pkt,2,Approx. 40 seeds,Bean,YES,1,,4.06,
BEA-BG,1/2lb,2,Net wt. 1/2 lb •,SM Coffee,YES,1,,0.2,
BEA-BG,1lb,2,Net wt. 1 lb •,SM Coffee,YES,1,,0.2,
BEA-PA,pkt,2,Net wt. 1 oz,Bean,YES,1,,4.22,
BEA-PA,1/2lb,2,Net wt. 1/2 lb,SM Coffee,YES,1,,0.2,
BEA-PE,pkt,2,Approx. 40 seeds,Bean,YES,1,,4.23,
BEA-PE,1/2lb,2,Net wt. 1/2 lb •,SM Coffee,YES,1,,0.2,
BEA-PE,1lb,2,Net wt. 1 lb •,SM Coffee,YES,1,,0.2,
BEA-SO,pkt,2,Approx. 40 seeds,Bean,YES,1,,4.24,
BEA-SO,1/2lb,2,Net wt. 1/2 lb •,SM Coffee,YES,1,,0.2,
BEA-FO,pkt,2,Approx. 40 seeds,Bean,YES,1,,4.66,
BEA-FO,1/2lb,2,Net wt. 1/2 lb •,SM Coffee,YES,1,,0.2,
BEA-MV,pkt,2,Approx. 40 seeds,Bean,YES,1,,4.67,
BEA-MV,1/2lb,2,Net wt. 1/2 lb •,SM Coffee,YES,1,,0.2,
BEA-TV,pkt,2,Approx. 40 seeds,Bean,YES,1,,4.34,
BEA-TV,1/2lb,2,Net wt. 1/2 lb •,SM Coffee,YES,1,,0.2,
BEA-SE,pkt,2,Net wt. 1 oz,Bean,YES,1,,4.3,
BEA-SE,1/2lb,2,Net wt. 1/2 lb •,SM Coffee,YES,1,,0.2,
SOY-WL,pkt,2,Net wt. 1 oz,Veg,YES,1,,4.02,
BEE-3B,pkt,2,Approx. 100 seeds,Beet,NO,1,,5.01,
BEE-BO,pkt,2,Approx. 100 seeds,Beet,NO,1,,5.02,
BEE-BO,1/2oz,2,Net wt. 1/2 oz,Beet,NO,1,,0.2,
BEE-BO,1oz,2,Net wt. 1 oz,Beet,NO,2,BEE-BO-1/2oz,0.2,
BEE-BO,1/4lb,2,Net wt. 1/4 lb •,SM Coffee,YES,1,,0.2,
BEE-BO,1lb,2,Net wt. 1 lb ••,LG Coffee,YES,1,,0.2,
BEE-CH,pkt,2,Approx. 100 seeds,Beet,NO,1,,5.03,
BEE-CH,1/2oz,2,Net wt. 1/2 oz,Beet,NO,1,,0.2,
BEE-CH,1oz,2,Net wt. 1 oz,Beet,NO,2,BEE-CH-1/2oz,0.2,
BEE-CH,1/4lb,2,Net wt. 1/4 lb •,SM Coffee,YES,1,,0.2,
BEE-CH,1lb,2,Net wt. 1 lb ••,LG Coffee,YES,1,,0.2,
BEE-CR,pkt,2,Approx. 100 seeds,Beet,NO,1,,5.04,
BEE-CR,1/2oz,2,Net wt. 1/2 oz,Beet,NO,1,,0.2,
BEE-CR,1oz,2,Net wt. 1 oz,Beet,NO,2,BEE-CR-1/2oz,0.2,
BEE-CR,1/4lb,2,Net wt. 1/4 lb •,SM Coffee,YES,1,,0.2,
BEE-CR,1/2lb,2,Net wt. 1/2 lb ••,LG Coffee,YES,1,,0.2,
BEE-CR,1lb,2,Net wt. 1 lb,LG Coffee,YES,2,BEE-CR-1/2lb,0.2,
BEE-CR,5lb,2,Net wt. 5 lb,,YES,,,0.2,
BEE-FK,pkt,2,Approx. 100 seeds,Beet,NO,1,,5.05,
BEE-FK,1/2oz,2,Net wt. 1/2 oz,Beet,NO,1,,0.2,
BEE-FK,1oz,2,Net wt. 1 oz,Beet,NO,2,BEE-FK-1/2oz,0.2,
BEE-FK,1/4lb,2,Net wt. 1/4 lb •,SM Coffee,YES,1,,0.2,
BEE-FK,1lb,2,Net wt. 1 lb ••,LG Coffee,YES,1,,0.2,
BEE-LU,pkt,2,Approx. 100 seeds,Beet,NO,1,,5.06,
BEE-LU,1/2oz,2,Net wt. 1/2 oz,Beet,NO,1,,0.2,
BEE-LU,1oz,2,Net wt. 1 oz,Beet,NO,2,BEE-LU-1/2oz,0.2,
BEE-LU,1/4lb,2,Net wt. 1/4 lb •,SM Coffee,YES,1,,0.2,
BEE-LU,1lb,2,Net wt. 1 lb,LG Coffee,YES,1,,0.2,
BEE-LU,5lb,2,Net wt. 5 lb,LG Coffee,YES,2,BEE-LU-1/2lb,0.2,
BEE-SH,pkt,2,Approx. 100 seeds,Beet,NO,1,,5.07,
BEE-SH,1/2oz,2,Net wt. 1/2 oz,Beet,NO,1,,0.2,
BEE-SH,1oz,2,Net wt. 1 oz,Beet,NO,2,BEE-SH-1/2oz,0.2,
BEE-SH,1/4lb,2,Net wt. 1/4 lb •,SM Coffee,YES,1,,0.2,
BEE-SH,1/2lb,2,Net wt. 1/2 lb ••,LG Coffee,YES,1,,0.2,
BEE-SH,1lb,2,Net wt. 1 lb,LG Coffee,YES,2,BEE-SH-1/2lb,0.2,
BEE-TG,pkt,2,Approx. 100 seeds,Beet,NO,1,,5.08,
BEE-TG,1/2oz,2,Net wt. 1/2 oz,Beet,NO,1,,0.2,
BEE-TG,1oz,2,Approx. 1 oz,Beet,NO,2,BEE-TG-1/2oz,0.2,
BEE-TG,1/4lb,2,Net wt. 1/4 lb •,SM Coffee,YES,1,,0.2,
GRE-PC,pkt,2,Net wt. 1 g,Greens,NO,1,,6.93,
GRE-PC,1/4oz,2,Net wt. 1/4 oz,Greens,NO,1,,0.2,
GRE-PC,1oz,2,Net wt. 1 oz,Greens,NO,1,,0.2,
BRO-UM,pkt,2,Approx. 100 seeds,Brassica,NO,1,,5.35,
BRO-UM,1/4oz,2,Net wt. 1/4 oz,Brassica,NO,1,,0.2,
BRO-UM,1oz,2,Net wt. 1 oz,Brassica,NO,1,,0.2,
BRO-SO,pkt,2,Approx. 100 seeds,Brassica,NO,1,,5.34,
BRO-SO,1/4oz,2,Net wt. 1/4 oz,Brassica,NO,1,,0.2,
BRO-SO,1oz,2,Net wt. 1 oz,Brassica,NO,1,,0.2,
BRO-SO,1/4lb,2,Net wt. 1/4 lb,SM Coffee,YES,1,,0.2,
BRO-SO,1lb,2,Net wt. 1 lb,LG Coffee,YES,,,0.2,
SMA-FC,pkt,2,Approx. 100 seeds,Smarties,YES,1,,5.31,
SMA-FC,500s,2,Approx. 500 seeds,Smarties,YES,1,,0.2,
SMA-FC,1Ms,2,Approx. 1000 seeds,Smarties,YES,1,,0.2,
SMA-FC,5Ms,2,Approx. 5k seeds,Smarties,YES,1,,0.2,
BUR-TK,pkt,2,Approx. 100 seeds,Veg,YES,1,,0.2,
BUR-TK,1oz,2,Net wt. 1 oz,Veg,YES,1,,0.2,
BUR-TK,1/4lb,2,Net wt. 1/4 lb •,SM Coffee,YES,1,,0.2,
BUR-TK,1lb,2,Net wt. 1 lb •,SM Coffee,YES,1,,0.2,
CAB-DO,pkt,2,Approx. 100 seeds,Brassica,NO,1,,5.37,
CAB-DO,1Ms,2,Approx. 1000 seeds,Brassica,NO,1,,0.2,
CAB-FK,pkt,2,Approx. 100 seeds,Brassica,NO,1,,5.38,
CAB-FK,1/4oz,2,Net wt. 1/4 oz,Brassica,NO,1,,0.2,
CAB-FK,1oz,2,Net wt. 1 oz,Brassica,NO,1,,0.2,
CAB-FK,1/4lb,2,Net wt. 1/4 lb •,SM Coffee,YES,1,,0.2,
CAB-FK,1lb,2,Net wt. 1 lb •,SM Coffee,YES,1,,0.2,
CAB-JK,pkt,2,Approx. 100 seeds,Brassica,NO,1,,5.39,
CAB-JK,1/4oz,2,Net wt. 1/4 oz,Brassica,NO,1,,0.2,
CAB-JK,1oz,2,Net wt. 1 oz,Brassica,NO,1,,0.2,
CAB-M2,pkt,2,Approx. 100 seeds,Brassica,NO,1,,5.41,
CAB-M2,1/4oz,2,Net wt. 1/4 oz,Brassica,YES,1,,0.2,
CAB-NS,pkt,2,Approx. 100 seeds,Brassica,NO,1,,5.36,
CAB-NS,1Ms,2,Approx. 1000 seeds,Brassica,NO,1,,0.2,
CAB-NS,5Ms,2,Approx. 5k seeds,Brassica,NO,1,,0.2,
CAB-MA,pkt,2,Approx. 100 seeds,Brassica,NO,1,,5.4,
CAB-MA,1Ms,2,Approx. 1000 seeds,Brassica,NO,1,,0.2,
CRD-GN,pkt,2,Approx. 25 seeds,Veg,YES,1,,5.48,
CRD-GN,100s,2,Approx. 100 seeds,Veg,YES,1,,0.2,
CAR-DR,pkt,2,Net wt. 1 g,Carrot,NO,1,,5.1,
CAR-DR,1/2oz,2,Net wt. 1/2 oz,Carrot,NO,1,,0.2,
CAR-DR,1oz,2,Net wt. 1 oz,Carrot,NO,1,,0.2,
CAR-RA,pkt,2,Net wt. 1 g,Carrot,NO,1,,5.11,
CAR-SN,pkt,2,Net wt. 1 g,Carrot,NO,1,,5.12,
CAR-SN,1/2oz,2,Net wt. 1/2 oz,Carrot,NO,1,,0.2,
CAR-SN,1oz,2,Net wt. 1 oz,Carrot,NO,1,,0.2,
CAR-TO,pkt,2,Net wt. 1 g,Carrot,NO,1,,5.13,
CAR-TO,1/2oz,2,Net wt. 1/2 oz,Carrot,NO,1,,0.2,
CAR-TO,1oz,2,Net wt. 1 oz,Carrot,NO,1,,0.2,
CAR-YE,pkt,2,Net wt. 1 g,Carrot,NO,1,,5.14,
CAR-YE,1/2oz,2,Net wt. 1/2 oz,Carrot,NO,1,,0.2,
CAU-AY,pkt,2,Approx. 100 seeds,Brassica,NO,1,,5.46,
CAU-AY,500s,2,Approx. 500 seeds,Brassica,NO,1,,0.2,
CAU-PR,pkt,2,Approx. 100 seeds,Brassica,NO,1,,5.47,
CAU-PR,1/8oz,2,Net wt. 1/8 oz,Brassica,NO,1,,0.2,
CAU-PR,1/4oz,2,Net wt. 1/4 oz,Brassica,NO,1,,0.2,
CAU-PR,1oz,2,Net wt. 1 oz,Brassica,NO,1,,0.2,
CHI-IS,pkt,2,Approx. 100 seeds,Veg,YES,1,,6.4,
CHI-IS,500s,2,Approx. 500 seeds,Veg,YES,1,,0.2,
CHI-IS,1Ms,2,Approx. 1000 seeds,Veg,YES,1,,0.2,
CHI-IS,5Ms,2,Approx. 5k seeds,Veg,YES,1,,0.2,
CHI-IN,pkt,2,Approx. 100 seeds,Veg,YES,1,,6.28,
CHI-IN,500s,2,Approx. 500 seeds,Veg,YES,1,,0.2,
CHI-IN,1Ms,2,Approx. 1000 seeds,Veg,YES,1,,0.2,
CHI-IN,5Ms,2,Approx. 5k seeds,Veg,YES,1,,0.2,
CHI-IN,25Ms,2,Approx. 25000 seeds,Veg,YES,1,,0.2,
SMA-MD,pkt,2,Approx. 100 seeds,Smarties Rad,NO,1,,6.33,
SMA-MD,500s,2,Approx. 500 seeds,Smarties Rad,NO,1,,0.2,
SMA-MD,1Ms,2,Approx. 1000 seeds,Smarties Rad,NO,1,,0.2,
SMA-MD,5Ms,2,Approx. 5k seeds,Smarties Rad,NO,1,,0.2,
SMA-MD,25Ms,2,Approx. 25000 seeds,Smarties Rad,NO,1,,0.2,
CHI-BO,pkt,2,Approx. 200 seeds,Veg,YES,1,,0.2,
CHI-BO,500s,2,Approx. 500 seeds,Veg,YES,1,,0.2,
CHI-BO,1Ms,2,Approx. 1000 seeds,Veg,YES,1,,0.2,
COL-CG,pkt,2,Net wt. 1 g,Brassica,NO,1,,5.5,
COL-CG,1/4oz,2,Net wt. 1/4 oz,Brassica,NO,1,,0.2,
COL-CG,1oz,2,Net wt. 1 oz,Brassica,NO,1,,0.2,
COL-CH,pkt,2,Net wt. 1 g,Brassica,NO,1,,5.51,
COL-CH,1/4oz,2,Net wt. 1/4 oz,Brassica,NO,1,,0.2,
COR-FL,pkt,2,Net wt. 1 oz,Corn,NO,1,,4.58,
COR-FL,1/2lb,2,Net wt. 1/2 lb •,SM Coffee,YES,1,,0.2,
COR-FL,1lb,2,Net wt. 1 lb •,SM Coffee,YES,1,,0.2,
COR-RC,pkt,2,Net wt. 1 oz,Corn,NO,1,,4.6,
COR-RC,1/2lb,2,Net wt. 1/2 lb •,SM Coffee,YES,1,,0.2,
COR-RC,1lb,2,Net wt. 1 lb •,SM Coffee,YES,1,,0.2,
COR-PM,pkt,2,Net wt. 1 oz,Corn,NO,1,,4.59,
COR-PM,1/2lb,2,Net wt. 1/2 lb •,SM Coffee,YES,1,,0.2,
COR-PM,1lb,2,Net wt. 1 lb •,SM Coffee,YES,1,,0.2,
COR-AB,pkt,2,Net wt. 1/2 oz,Corn,NO,1,,4.56,
COR-AB,1/4lb,2,Net wt. 1/4 lb •,SM Coffee,YES,1,,0.2,
COR-AB,1lb,2,Net wt. 1 lb •,SM Coffee,YES,1,,0.2,
COR-DB,pkt,2,Net wt. 1/2 oz,Corn,NO,1,,4.57,
COR-DB,1/4lb,2,Net wt. 1/4 lb •,SM Coffee,YES,1,,0.2,
COR-DB,1lb,2,Net wt. 1 lb •,SM Coffee,YES,1,,0.2,
COR-TU,pkt,2,Net wt. 1 oz,Corn,NO,1,,4.61,
COR-TU,1/2lb,2,Net wt. 1/2 lb •,SM Coffee,YES,1,,0.2,
CUC-LE,pkt,2,Net wt. 1 g,Cuke,NO,1,,3.16,
CUC-LE,1/2oz,2,Net wt. 1/2 oz,Cuke,NO,1,,0.2,
CUC-LE,1oz,2,Net wt. 1 oz,Cuke,NO,1,,0.2,
CUC-SA,pkt,2,Approx. 35 seeds,Cuke,NO,1,,3.17,
CUC-SA,100s,2,Approx. 100 seeds,Cuke,NO,1,,0.2,
CUC-SA,500s,2,Approx. 500 seeds,Cuke,NO,1,,0.2,
CUC-SA,1Ms,2,Approx. 1000 seeds,Cuke,NO,1,,0.2,
CUC-SH,pkt,2,Net wt. 1 g,Cuke,NO,1,,3.19,
CUC-SH,1/2oz,2,Net wt. 1/2 oz,Cuke,NO,1,,0.2,
CUC-SH,1oz,2,Net wt. 1 oz,Cuke,NO,1,,0.2,
CUC-SS,pkt,2,Net wt. 1 g,Cuke,NO,1,,3.18,
CUC-SS,1/2oz,2,Net wt. 1/2 oz,Cuke,NO,1,,0.2,
CUC-SS,1oz,2,Net wt. 1 oz,Cuke,NO,1,,0.2,
CUC-SM,pkt,2,Net wt. 1 g,Cuke,NO,1,,3.2,
CUC-SM,1/2oz,2,Net wt. 1/2 oz,Cuke,NO,1,,0.2,
CUC-SM,1oz,2,Net wt. 1 oz,Cuke,NO,1,,0.2,
CUC-VO,pkt,2,Net wt. 1 g,Cuke,NO,1,,3.21,
CUC-VO,1/2oz,2,Net wt. 1/2 oz,Cuke,NO,1,,0.2,
CUC-VO,1oz,2,Net wt. 1 oz,Cuke,NO,1,,0.2,
CUC-CE,pkt,2,Net wt. 1 g,Cuke,NO,1,,3.15,
CUC-CE,1/2oz,2,Net wt. 1/2 oz,Cuke,NO,1,,0.2,
CUC-CE,1oz,2,Net wt. 1 oz,Cuke,NO,1,,0.2,
EGG-DI,pkt,2,Approx. 25-30 seeds,Pepper,NO,1,,4.5,
EGG-DI,100s,2,Approx. 100 seeds,Pepper,NO,1,,0.2,
EGG-DI,250s,2,Approx. 250 seeds,Pepper,NO,1,,0.2,
EGG-DI,1Ms,2,Approx. 1000 seeds,Pepper,NO,1,,0.2,
EGG-VI,pkt,2,Approx. 25-30 seeds,Pepper,NO,1,,4.51,
EGG-VI,100s,2,Approx. 100 seeds,Pepper,NO,1,,0.2,
EGG-VI,250s,2,Approx. 250 seeds,Pepper,NO,1,,0.2,
EGG-VI,1Ms,2,Approx. 1000 seeds,Pepper,NO,1,,0.2,
CHI-MA,pkt,2,Approx. 200 seeds,Veg,YES,1,,6.31,
CHI-MA,500s,2,Approx. 500 seeds,Veg,YES,1,,0.2,
CHI-MA,1Ms,2,Approx. 1000 seeds,Veg,YES,1,,0.2,
CHI-MA,5Ms,2,Approx. 5k seeds,Veg,YES,1,,0.2,
CHI-MA,25Ms,2,Approx. 25000 seeds,Veg,YES,1,,0.2,
CHI-BQ,pkt,2,Approx. 200 seeds,Veg,YES,1,,6.21,
CHI-BQ,500s,2,Approx. 500 seeds,Veg,YES,1,,0.2,
CHI-BQ,1Ms,2,Approx. 1000 seeds,Veg,YES,1,,0.2,
CHI-BQ,5Ms,2,Approx. 5k seeds,Veg,YES,1,,0.2,
FEN-FI,pkt,2,Net wt. 1/2 g,Veg,YES,1,,5.49,
FEN-FI,1/8oz,2,Net wt. 1/8 oz,Veg,YES,1,,0.2,
FEN-FI,1oz,2,Net wt. 1 oz,Veg,YES,1,,0.2,
GRE-AS,pkt,2,Net wt. 1 g,Greens,NO,1,,6.85,
GRE-AS,1oz,2,Net wt. 1 oz,Greens,NO,1,,0.2,
GRE-AS,1/4lb,2,Net wt. 1/4 lb •,SM Coffee,YES,1,,0.2,
GRE-AS,1lb,2,Net wt. 1 lb •,SM Coffee,YES,1,,0.2,
GRE-AS,2.5lb,2,Net wt. 2 1/2 lb  ••,LG Coffee,YES,1,,0.2,
GRE-AS,5lb,2,Net wt. 5 lb,LG Coffee,YES,2,,0.2,
GRE-RU,pkt,2,Net wt. 1/3 g,Greens,NO,1,,6.86,
GRE-RU,1/4oz,2,Net wt. 1/4 oz,Greens,NO,1,,0.2,
GRE-RU,1oz,2,Net wt. 1 oz,Greens,NO,1,,0.2,
GRE-RU,1/4lb,2,Net wt. 1/4 lb •,SM Coffee,YES,1,,0.2,
GRE-RU,1lb,2,Net wt. 1 lb •,SM Coffee,YES,1,,0.2,
GRE-MZ,pkt,2,Net wt. 1 g,Greens,NO,1,,6.91,
GRE-MZ,1oz,2,Net wt. 1 oz,Greens,NO,1,,0.2,
GRE-MZ,1/4lb,2,Net wt. 1/4 lb •,SM Coffee,YES,1,,0.2,
GRE-RS,pkt,2,Net wt. 1 g,Greens,NO,1,,6.9,
GRE-RS,1/4oz,2,Net wt. 1/4 oz,Greens,NO,1,,0.2,
GRE-RS,1oz,2,Net wt. 1 oz,Greens,NO,1,,0.2,
GRE-RS,1/4lb,2,Net wt. 1/4 lb •,SM Coffee,YES,1,,0.2,
GRE-RS,1lb,2,Net wt. 1 lb •,SM Coffee,YES,1,,0.2,
GRE-TA,pkt,2,Net wt. 1 g,Greens,NO,1,,6.92,
GRE-TA,1oz,2,Net wt. 1 oz,Greens,NO,1,,0.2,
GRE-TA,1/4lb,2,Net wt. 1/4 lb •,SM Coffee,YES,1,,0.2,
GRE-TA,1lb,2,Net wt. 1lb •,SM Coffee,YES,1,,0.2,
GRE-TA,5lb,2,Net wt. 5 ••,LG Coffee,YES,1,,0.2,
GRE-WC,pkt,2,Net wt. 1 g,Greens,NO,1,,6.98,
GRE-WC,1/4oz,2,Net wt. 1/4 oz,Greens,NO,1,,0.2,
GRE-WC,1oz,2,Net wt. 1 oz,Greens,NO,1,,0.2,
GRE-WC,1/4lb,2,Net wt. 1/4 lb •,SM Coffee,YES,1,,0.2,
GRE-WC,1lb,2,Net wt. 1 lb •,SM Coffee,YES,1,,0.2,
MIX-MI,pkt,2,Net wt. 2 g,Greens,NO,1,,6.83,
MIX-MI,1/4oz,2,Net wt. 1/4 oz,Greens,NO,1,,0.2,
MIX-MI,1oz,2,Net wt. 1 oz,Greens,NO,1,,0.2,
MIX-SP,pkt,2,Net wt. 2 g,Greens,NO,1,,6.84,
MIX-SP,1/4oz,2,Net wt. 1/4 oz,Greens,NO,1,,0.2,
GRE-GF,pkt,2,Net wt. 1 g,Greens,NO,1,,6.88,
GRE-GF,1/4oz,2,Net wt. 1/4 oz,Greens,NO,1,,0.2,
GRE-GF,1oz,2,Net wt. 1 oz,Greens,NO,1,,0.2,
GRE-GF,1/4lb,2,Net wt. 1/4 lb •,SM Coffee,YES,1,,0.2,
GRE-GF,1lb,2,Net wt. 1 lb •,SM Coffee,YES,1,,0.2,
GRE-GW,pkt,2,Net wt. 1 g,Greens,NO,1,,6.89,
GRE-GW,1/4oz,2,Net wt. 1/4 oz,Greens,NO,1,,0.2,
GRE-GW,1oz,2,Net wt. 1 oz,Greens,NO,1,,0.2,
GRE-ES,pkt,2,Approx. 500 seeds,Greens,NO,1,,6.97,
GRE-ES,1/8oz,2,Net wt. 1/8 oz,Greens,NO,1,,0.2,
TGC-AM,pkt,2,Approx. 50 seeds,Veg,YES,1,,4.54,
TGC-AM,200s,2,Approx. 200 seeds,Veg,YES,1,,0.2,
KAL-3K,pkt,2,Net wt. 1 g,Brassica,NO,1,,5.52,
KAL-BL,pkt,2,Net wt. 1 g,Brassica,NO,1,,5.53,
KAL-BL,1/4oz,2,Net wt. 1/4 oz,Brassica,NO,1,,0.2,
KAL-BL,1oz,2,Net wt. 1 oz,Brassica,NO,1,,0.2,
KAL-DB,pkt,2,Net wt. 1 g,Brassica,NO,1,,5.54,
KAL-DB,1/4oz,2,Net wt. 1/4 oz,Brassica,NO,1,,0.2,
KAL-DW,pkt,2,Net wt. 1 g,Brassica,NO,1,,5.55,
KAL-DW,1/4oz,2,Net wt. 1/4 oz,Brassica,NO,1,,0.2,
KAL-DW,1oz,2,Net wt. 1 oz,Brassica,NO,1,,0.2,
KAL-DW,1/4lb,2,Net wt. 1/4 lb •,SM Coffee,YES,1,,0.2,
KAL-DW,1lb,2,Net wt. 1 lb •,SM Coffee,YES,1,,0.2,
KAL-RF,pkt,2,Net wt. 1 g,Brassica,NO,1,,5.58,
KAL-RF,1/4oz,2,Net wt. 1/4 oz,Brassica,NO,1,,0.2,
KAL-RF,1oz,2,Net wt. 1 oz,Brassica,NO,1,,0.2,
KAL-RF,1/4lb,2,Net wt. 1/4 lb •,Brassica,YES,1,,0.2,
KAL-RF,1lb,2,Net wt. 1 lb •,Brassica,YES,1,,0.2,
LEE-BW,pkt,2,Approx. 100 seeds,Onion,NO,1,,5.15,
LEE-BW,1/8oz,2,Net wt. 1/8 oz,Onion,NO,1,,0.2,
LEE-BW,1/2oz,2,Net wt. 1/2 oz,Onion,NO,1,,0.2,
LEE-BW,1oz,2,Net wt. 1 oz,Onion,NO,1,,0.2,
LEE-LN,pkt,2,Approx. 100 seeds,Onion,NO,1,,5.16,
LEE-LN,1/8oz,2,Net wt. 1/8 oz,Onion,NO,1,,0.2,
LEE-LN,1/2oz,2,Net wt. 1/2 oz,Onion,NO,1,,0.2,
LEE-LN,1oz,2,Net wt. 1 oz,Onion,NO,1,,0.2,
LEE-LN,1/4lb,2,Net wt. 1/4 lb,Onion,YES,1,,0.2,
LEE-NE,pkt,2,Approx. 100 seeds,Onion,NO,1,,5.17,
LEE-NE,1/8oz,2,Net wt. 1/8 oz,Onion,NO,1,,0.2,
LEE-NE,1/2oz,2,Net wt. 1/2 oz,Onion,NO,1,,0.2,
LEE-NE,1oz,2,Net wt. 1 oz,Onion,NO,1,,0.2,
LEN-BL,pkt,2,Net wt. 1/2 oz,Veg,YES,1,,4.39,
LEN-BL,2oz,2,Net wt. 2 oz,Veg,YES,1,,0.2,
LEN-PY,pkt,2,Net wt. 1/2 oz,Veg,YES,1,,4.38,
LEN-PY,2oz,2,Net wt. 2 oz,Veg,YES,1,,0.2,
LET-WD,pkt,2,Net wt. 1 g,Lettuce,NO,1,,6.81,
LET-WD,1/4oz,2,Net wt. 1/4 oz,Lettuce,NO,1,,0.2,
LET-WD,1oz,2,Net wt. 1 oz,Lettuce,NO,1,,0.2,
LET-DV,pkt,2,Net wt. 1 g,Lettuce,NO,1,,6.54,
LET-DV,1/4oz,2,Net wt. 1/4 oz,Lettuce,NO,1,,0.2,
LET-DV,1oz,2,Net wt. 1 oz,Lettuce,NO,1,,0.2,
LET-MQ,pkt,2,Net wt. 1 g,Lettuce,NO,1,,6.7,
LET-MQ,1/4oz,2,Net wt. 1/4 oz,Lettuce,NO,1,,0.2,
LET-MQ,1oz,2,Net wt. 1 oz,Lettuce,NO,1,,0.2,
LET-MQ,1/4lb,2,Net wt. 1/4 lb •,SM Coffee,YES,1,,0.2,
LET-MQ,1lb,2,Net wt. 1 lb •,SM Coffee,YES,1,,0.2,
LET-SB,pkt,2,Net wt. 1 g,Lettuce,NO,1,,6.77,
LET-SB,1/4oz,2,Net wt. 1/4 oz,Lettuce,NO,1,,0.2,
LET-SB,1oz,2,Net wt. 1 oz,Lettuce,NO,1,,0.2,
LET-SB,1/4lb,2,Net wt. 1 lb •,SM Coffee,YES,1,,0.2,
LET-AB,pkt,2,Net wt. 1 g,Lettuce,NO,1,,6.78,
LET-AB,1/4oz,2,Net wt. 1/4 oz,Lettuce,NO,1,,0.2,
LET-AB,1oz,2,Net wt. 1 oz,Lettuce,NO,1,,0.2,
LET-AB,1/4lb,2,Net wt. 1/4 lb •,SM Coffee,YES,1,,0.2,
LET-TB,pkt,2,Net wt. 1 g,Lettuce,NO,1,,6.8,
LET-TB,1/4oz,2,Net wt. 1/4 oz,Lettuce,NO,1,,0.2,
LET-TB,1oz,2,Net wt. 1 oz,Lettuce,NO,1,,0.2,
LET-TB,1/4lb,2,Net wt. 1/4 lb •,SM Coffee,YES,1,,0.2,
LET-TB,1lb,2,Net wt. 1 lb •,SM Coffee,YES,1,,0.21,
LET-RG,pkt,2,Net wt. 1 g,Lettuce,NO,1,,6.74,
LET-RG,1/4oz,2,Net wt. 1/4 oz,Lettuce,NO,1,,0.2,
LET-RG,1oz,2,Net wt. 1 oz,Lettuce,NO,1,,0.2,
LET-RG,1/4lb,2,Net wt. 1/4 lb •,SM Coffee,YES,1,,0.2,
LET-RG,1lb,2,Net wt. 1 lb •,SM Coffee,YES,1,,0.2,
LET-SU,pkt,2,Net wt. 1 g,Lettuce,NO,1,,6.79,
LET-SU,1/4oz,2,Net wt. 1/4 oz,Lettuce,NO,1,,0.2,
LET-SU,1oz,2,Net wt. 1 oz,Lettuce,NO,1,,0.2,
LET-AY,pkt,2,Net wt. 1 g,Lettuce,NO,1,,6.49,
LET-AY,1/4oz,2,Net wt. 1/4 oz,Lettuce,NO,1,,0.2,
LET-AY,1oz,2,Net wt. 1 oz,Lettuce,NO,1,,0.2,
LET-AY,1/4lb,2,Net wt. 1/4 lb •,SM Coffee,YES,1,,0.2,
LET-CR,pkt,2,Net wt. 1 g,Lettuce,NO,1,,6.53,
LET-CR,1/4oz,2,Net wt. 1/4 oz,Lettuce,NO,1,,0.2,
LET-CR,1oz,2,Net wt. 1 oz,Lettuce,NO,1,,0.2,
LET-EM,pkt,2,Net wt. 1 g,Lettuce,NO,1,,6.55,
LET-EM,1/4oz,2,Net wt. 1/4 oz,Lettuce,NO,1,,0.2,
LET-EM,1oz,2,Net wt. 1 oz,Lettuce,NO,1,,0.2,
LET-EM,1/4lb,2,Net wt. 1/4 lb •,SM Coffee,YES,1,,0.2,
LET-EM,1lb,2,Net wt. 1 lb •,SM Coffee,YES,1,,0.2,
LET-AD,pkt,2,Net wt. 1 g,Lettuce,NO,1,,6.61,
LET-AD,1/4oz,2,Net wt. 1/4 oz,Lettuce,NO,1,,0.2,
LET-AD,1oz,2,Net wt. 1 oz,Lettuce,NO,1,,0.2,
LET-AD,1/4lb,2,Net wt. 1/4 lb •,SM Coffee,YES,1,,0.2,
LET-AD,1lb,2,Net wt. 1 lb •,SM Coffee,YES,1,,0.2,
LET-HR,pkt,2,Net wt. 1 g,Lettuce,NO,1,,6.62,
LET-HR,1/4oz,2,Net wt. 1/4 oz,Lettuce,NO,1,,0.2,
LET-HR,1oz,2,Net wt. 1 oz,Lettuce,NO,1,,0.2,
LET-HR,1/4lb,2,Net wt. 1/4 lb •,SM Coffee,YES,1,,0.2,
LET-HR,1lb,2,Net wt. 1 lb •,SM Coffee,YES,1,,0.2,
LET-LB,pkt,2,Net wt. 1 g,Lettuce,NO,1,,6.65,
LET-LB,1/4oz,2,Net wt. 1/4 oz,Lettuce,NO,1,,0.2,
LET-LB,1oz,2,Net wt. 1 oz,Lettuce,NO,1,,0.2,
LET-OD,pkt,2,Net wt.  1 g,Lettuce,NO,1,,6.66,
LET-OD,1/4oz,2,Net wt. 1/4 oz,Lettuce,NO,1,,0.2,
LET-OD,1oz,2,Net wt. 1 oz,Lettuce,NO,1,,0.2,
LET-OD,1/4lb,2,Net wt. 1/4 lb •,SM Coffee,YES,1,,0.2,
LET-ME,pkt,2,Net wt. 1 g,Lettuce,NO,1,,6.69,
LET-ME,1/4oz,2,Net wt. 1/4 oz,Lettuce,NO,1,,0.2,
LET-ME,1oz,2,Net wt. 1 oz,Lettuce,NO,1,,0.2,
LET-ME,1/4lb,2,Net wt. 1/4 lb •,SM Coffee,YES,1,,0.2,
LET-RV,pkt,2,Net wt. 1 g,Lettuce,NO,1,,6.75,
LET-RV,1/4oz,2,Net wt. 1/4 oz,Lettuce,NO,1,,0.2,
LET-RV,1oz,2,Net wt. 1 oz,Lettuce,NO,1,,0.2,
LET-RV,1/4lb,2,Net wt. 1/4 lb •,SM Coffee,YES,1,,0.2,
LET-RR,pkt,2,Net wt. 1 g,Lettuce,NO,1,,6.76,
LET-RR,1/4oz,2,Net wt. 1/4 oz,Lettuce,NO,1,,0.2,
LET-RR,1oz,2,Net wt. 1 oz,Lettuce,NO,2,,1.2,
LET-RR,1/4lb,2,Net wt. 1/4 lb •,SM Coffee,YES,3,,2.2,
LET-RR,1lb,2,Net wt. 1 lb •,SM Coffee,YES,4,,3.2,
LET-BI,pkt,2,Net wt. 1 g,Lettuce,NO,1,,6.51,
LET-BI,1/4oz,2,Net wt. 1/4 oz,Lettuce,NO,1,,0.2,
LET-BI,1oz,2,Net wt. 1 oz,Lettuce,NO,1,,0.2,
LET-BI,1/4lb,2,Net wt. 1/4 lb •,SM Coffee,YES,1,,0.2,
LET-BI,1lb,2,Net wt. 1 lb,,YES,1,,0.2,
LET-FB,pkt,2,Net wt. 1 g,Lettuce,NO,1,,6.57,
LET-FB,1/4oz,2,Net wt. 1/4 oz,Lettuce,NO,1,,0.2,
LET-FB,1oz,2,Net wt. 1 oz,Lettuce,NO,1,,0.2,
LET-FB,1/4lb,2,Net wt. 1/4 lb •,SM Coffee,YES,1,,0.2,
LET-GA,pkt,2,Net wt. 1 g,Lettuce,NO,1,,6.59,
LET-GA,1/4oz,2,Net wt. 1/4 oz,Lettuce,NO,1,,0.2,
LET-GA,1oz,2,Net wt. 1 oz,Lettuce,NO,1,,0.2,
LET-GA,1/4lb,2,Net wt. 1/4 lb •,SM Coffee,YES,1,,0.2,
LET-GR,pkt,2,Net wt. 1 g,Lettuce,NO,1,,6.6,
LET-GR,1/4oz,2,Net wt. 1/4 oz,Lettuce,NO,1,,0.2,
LET-GR,1oz,2,Net wt. 1 oz,Lettuce,NO,1,,0.2,
LET-GR,1/4lb,2,Net wt. 1/4 lb •,SM Coffee,YES,1,,0.2,
LET-IT,pkt,2,Net wt. 1 g,Lettuce,NO,1,,6.63,
LET-IT,1/4oz,2,Net wt. 1/4 oz,Lettuce,NO,1,,0.2,
LET-IT,1oz,2,Net wt. 1 oz,Lettuce,NO,1,,0.2,
LET-IT,1/4lb,2,Net wt. 1/4 lb •,SM Coffee,YES,1,,0.2,
LET-MA,pkt,2,Net wt.  1 g,Lettuce,NO,1,,6.68,
LET-MA,1/4oz,2,Net wt. 1/4 oz,Lettuce,NO,1,,0.2,
LET-MA,1oz,2,Net wt. 1 oz,Lettuce,NO,1,,0.2,
LET-MA,1/4lb,2,Net wt. 1/4 lb •,SM Coffee,YES,1,,0.2,
LET-OS,pkt,2,Net wt. 1 g,Lettuce,NO,1,,6.71,
LET-OS,1/4oz,2,Net wt. 1/4 oz,Lettuce,NO,1,,0.2,
LET-OS,1oz,2,Net wt. 1 oz,Lettuce,NO,1,,0.2,
LET-OS,1/4lb,2,Net wt. 1/4 lb •,SM Coffee,YES,1,,0.2,
LET-BG,pkt,2,Net wt. 1 g,Lettuce,NO,1,,6.5,
LET-BG,1/4oz,2,Net wt. 1/4 oz,Lettuce,NO,1,,0.2,
LET-BG,1oz,2,Net wt. 1 oz,Lettuce,NO,1,,0.2,
LET-CI,pkt,2,Net wt. 1 g,Lettuce,NO,1,,6.52,
LET-CI,1/4oz,2,Net wt. 1/4 oz,Lettuce,NO,1,,0.2,
LET-CI,1oz,2,Net wt. 1 oz,Lettuce,NO,1,,0.2,
LET-CI,1/4lb,2,Net wt. 1/4 lb •,SM Coffee,YES,1,,0.2,
LET-CI,1lb,2,Net wt. 1 lb,Lettuce,NO,1,,0.2,
LET-ER,pkt,2,Net wt. 1 g,Lettuce,NO,1,,6.56,
LET-ER,1/4oz,2,Net wt. 1/4 oz,Lettuce,NO,1,,0.2,
LET-ER,1oz,2,Net wt. 1 oz,Lettuce,NO,1,,0.2,
LET-FT,pkt,2,Net wt. 1 g,Lettuce,NO,1,,6.58,
LET-FT,1/4oz,2,Net wt. 1/4 oz,Lettuce,NO,1,,0.2,
LET-FT,1oz,2,Net wt. 1 oz,Lettuce,NO,1,,0.2,
LET-JE,pkt,2,Net wt. 1 g,Lettuce,NO,1,,6.64,
LET-JE,1/4oz,2,Net wt. 1/4 oz,Lettuce,NO,1,,0.2,
LET-JE,1oz,2,Net wt. 1 oz,Lettuce,NO,1,,0.2,
LET-LG,pkt,2,Net wt. 1 g,Lettuce,NO,1,,6.67,
LET-LG,1/4oz,2,Net wt. 1/4 oz,Lettuce,NO,1,,0.2,
LET-LG,1oz,2,Net wt. 1 oz,Lettuce,NO,1,,0.2,
LET-LG,1/4lb,2,Net wt. 1/4 lb •,SM Coffee,YES,1,,0.2,
LET-PI,pkt,2,Net wt. 1 g,Lettuce,NO,1,,6.72,
LET-PI,1/4oz,2,Net wt. 1/4 oz,Lettuce,NO,1,,0.2,
LET-PI,1oz,2,Net wt. 1 oz,Lettuce,NO,1,,0.2,
LET-MX,pkt,1,Net wt. 1 g,Lettuce,NO,1,,6.82,
LET-QH,pkt,2,Net wt. 1 g,Lettuce,NO,1,,6.73,
LET-QH,1/4oz,2,Net wt. 1/4 oz,Lettuce,NO,1,,0.2,
LET-QH,1oz,2,Net wt. 1 oz,Lettuce,NO,1,,0.2,
MEL-CL,pkt,2,Approx. 20 seeds,Cuke,NO,1,,3.27,
MEL-CL,1/2oz,2,Net wt. 1/2 oz,Cuke,NO,1,,0.2,
MEL-CL,1oz,2,Net wt. 1 oz,Cuke,NO,1,,0.2,
MEL-MO,pkt,2,25 seeds,Cuke,NO,1,,3.28,
MEL-ER,pkt,2,Approx. 25 seeds,Cuke,NO,1,,3.25,
MEL-ER,1/2oz,2,Net wt. 1/2 oz,Cuke,NO,1,,0.2,
MEL-ER,1oz,2,Net wt. 1 oz,Cuke,NO,1,,0.2,
MEL-GI,pkt,2,Approx. 25 seeds,Cuke,NO,1,,3.26,
MEL-GI,1/2oz,2,Net wt. 1/2 oz,Cuke,NO,1,,0.2,
MEL-GI,1oz,2,Net wt. 1 oz,Cuke,NO,1,,0.2,
MEL-PF,pkt,2,Approx. 25 seeds,Cuke,NO,1,,3.29,
MEL-PF,1/2oz,2,Net wt. 1/2 oz,Cuke,NO,1,,0.2,
MEL-PF,1oz,2,Net wt. 1 oz,Cuke,NO,1,,0.2,
MEL-SS,pkt,2,Approx. 25 seeds,Cuke,NO,1,,3.3,
MEL-SS,100s,2,Approx. 100 seeds,Cuke,NO,1,,0.2,
ONI-RM,pkt,2,Approx. 100 seeds,Onion,NO,1,,5.24,
ONI-RM,1/8oz,2,Net wt. 1/8 oz,Onion,NO,1,,0.2,
ONI-RM,1/2oz,2,Net wt. 1/2 oz,Onion,NO,1,,0.2,
ONI-RM,1oz,2,Net wt. 1 oz,Onion,NO,1,,0.2,
ONI-IS,pkt,2,Approx. 100 seeds,Onion,NO,1,,5.18,
ONI-IS,1/4oz,2,Net wt. 1/4 oz,Onion,NO,1,,0.2,
ONI-NY,pkt,2,Approx. 100 seeds,Onion,NO,1,,5.21,
ONI-NY,1/8oz,2,Net wt. 1/8 oz,Onion,NO,1,,0.2,
ONI-NY,1/2oz,2,Net wt. 1/2 oz,Onion,NO,1,,0.2,
ONI-NY,1oz,2,Net wt. 1 oz,Onion,NO,1,,0.2,
ONI-RJ,pkt,2,Approx. 100 seeds,Onion,NO,1,,5.23,
ONI-RJ,1/8oz,2,Net wt. 1/8 oz,Onion,NO,1,,0.2,
ONI-RJ,1/2oz,2,Net wt. 1/2 oz,Onion,NO,1,,0.2,
ONI-RJ,1oz,2,Net wt. 1 oz,Onion,NO,1,,0.2,
ONI-SR,pkt,2,Approx. 100 seeds,Onion,NO,1,,5.26,
ONI-SR,1/8oz,2,Net wt. 1/8 oz,Onion,NO,1,,0.2,
ONI-SR,1/2oz,2,Net wt. 1/2 oz,Onion,NO,1,,0.2,
ONI-SR,1oz,2,Net wt. 1 oz,Onion,NO,1,,0.2,
ONI-AC,pkt,2,Approx. 100 seeds,Onion,NO,1,,5.2,
ONI-AC,1/8oz,2,Net wt. 1/8 oz,Onion,NO,1,,0.2,
ONI-AC,1/2oz,2,Net wt. 1/2 oz,Onion,NO,1,,0.2,
ONI-RL,pkt,2,Approx. 100 seeds,Onion,NO,1,,5.22,
ONI-RL,1/8oz,2,Net wt. 1/8 oz,Onion,NO,1,,0.2,
ONI-RL,1/2oz,2,Net wt. 1/2 oz,Onion,NO,1,,0.2,
ONI-RL,1oz,2,Net wt. 1 oz,Onion,NO,1,,0.2,
ONI-SS,pkt,2,Approx. 100 seeds,Onion,NO,1,,5.25,
ONI-SS,1/8oz,2,Net wt. 1/8 oz,Onion,NO,1,,0.2,
ONI-SS,1/2oz,2,Net wt. 1/2 oz,Onion,NO,1,,0.2,
PAR-LA,pkt,2,Net wt. 1 g,Veg,YES,1,,0.2,
PAR-LA,1/4oz,2,Net wt. 1/4 oz,Veg,YES,1,,0.2,
PAR-LA,1oz,2,Net wt. 1 oz,Veg,YES,1,,0.2,
PEA-SS,pkt,2,Net wt. 1 oz,Pea,NO,1,,1.4,
PEA-SS,1/2lb,2,Net wt. 1/2 lb •,SM Coffee,YES,1,,0.2,
PEA-SS,1lb,2,Net wt. 1 lb •,SM Coffee,YES,1,,0.2,
COW-FL,pkt,2,Approx. 100 seeds,Veg,YES,1,,4.46,
COW-FL,1/4lb,2,Net wt. 1/4 lb •,SM Coffee,YES,1,,0.2,
COW-FL,1lb,2,Net wt. 1 lb •,SM Coffee,YES,1,,0.2,
PEA-RV,pkt,2,Net wt. 1 oz,Pea,NO,1,,4.48,
PEA-RV,1/2lb,2,Net wt. 1/2 lb •,SM Coffee,YES,1,,0.2,
PEA-RV,1lb,2,Net wt. 1 lb •,SM Coffee,YES,1,,0.2,
PEA-SA,pkt,2,Net wt. 1 oz,Pea,NO,1,,1.39,
PEA-SA,1/2lb,2,Net wt. 1/2 lb •,SM Coffee,YES,1,,0.2,
PEA-SA,1lb,2,Net wt. 1 lb •,SM Coffee,YES,1,,0.2,
PEA-SA,2.5lb,2,Net wt. 2½ lb ••,LG Coffee,YES,1,,0.2,
PEA-SA,5lb,2,Net wt. 5 lb,LG Coffee,YES,2,PEA-SA-2.5lb,0.2,
PEA-MA,pkt,2,Net wt. 1 oz,Pea,NO,1,,1.43,
PEA-MA,1/2lb,2,Net wt. 1/2 lb •,SM Coffee,YES,1,,0.2,
PEA-MA,1lb,2,Net wt. 1 lb •,SM Coffee,YES,1,,0.2,
PEA-CA,pkt,2,Net wt. 1 oz,Pea,NO,1,,1.38,
PEA-CA,1/2lb,2,Net wt. 1/2 lb •,SM Coffee,YES,1,,0.2,
PEA-CA,1lb,2,Net wt. 1 lb •,SM Coffee,YES,1,,0.2,
PEA-CA,2.5lb,2,Net wt. 2½ lb ••,LG Coffee,YES,1,,0.2,
PEA-CA,5lb,2,Net wt. 5 lb,LG Coffee,YES,2,PEA-CA-2.5lb,0.2,
PEA-GS,pkt,2,Net wt. 1 oz,Pea,NO,1,,4.47,
PEA-GS,1/2lb,2,Net wt. 1/2 lb •,SM Coffee,YES,1,,0.2,
PEA-GS,1lb,2,Net wt. 1 lb •,SM Coffee,YES,1,,0.2,
PEA-GS,2.5lb,2,Net wt. 2½ lb ••,LG Coffee,YES,1,,0.2,
PEA-GS,5lb,2,Net wt. 5 lb,LG Coffee,YES,2,PEA-GS-2.5lb,0.2,
PEA-HL,pkt,2,Net wt. 1 oz,Pea,NO,1,,1.42,
PEA-HL,1/2lb,2,Net wt. 1/2 lb •,SM Coffee,YES,1,,0.2,
PEA-HL,1lb,2,Net wt. 1 lb •,SM Coffee,YES,1,,0.2,
PEA-SR,pkt,2,Net wt. 1 oz,Pea,NO,1,,1.41,
PEA-SR,1/2lb,2,Net wt. 1/2 lb •,SM Coffee,YES,1,,0.2,
PEA-SR,1lb,2,Net wt. 1 lb •,SM Coffee,YES,1,,0.2,
PEA-WX,pkt,2,Net wt. 1/2 oz,Pea,NO,1,,4.49,
PEA-WX,1/2lb,2,Net wt. 1/2 lb •,SM Coffee,YES,1,,0.2,
PEP-BA,pkt,2,Approx. 30 seeds,Pepper,NO,1,,3.73,
PEP-BA,100s,2,Approx. 100 seeds,Pepper,NO,1,,0.2,
PEP-BA,250s,2,Approx. 250 seeds,Pepper,NO,1,,0.2,
PEP-BA,1Ms,2,Approx. 1000 seeds,Pepper,NO,1,,0.2,
PEP-CS,pkt,2,Approx. 30 seeds,Pepper,NO,1,,3.79,
PEP-CS,100s,2,Approx. 100 seeds,Pepper,NO,1,,0.2,
PEP-CS,500s,2,Approx. 500 seeds,Pepper,NO,1,,0.2,
PEP-BR,pkt,2,Approx. 30 seeds,Pepper,NO,1,,3.74,
PEP-BR,100s,2,Approx. 100 seeds,Pepper,NO,1,,0.2,
PEP-BR,500s,2,Approx. 500 seeds,Pepper,NO,1,,0.2,
PEP-BY,pkt,2,Approx. 30 seeds,Pepper,NO,1,,3.75,
PEP-BY,100s,2,Approx. 100 seeds,Pepper,NO,1,,0.2,
PEP-BY,500s,2,Approx. 500 seeds,Pepper,NO,1,,0.2,
PEP-CZ,pkt,2,Approx. 30 seeds,Pepper,NO,1,,3.8,
PEP-CZ,100s,2,Approx. 100 seeds,Pepper,NO,1,,0.2,
PEP-CZ,250s,2,Approx. 250 seeds,Pepper,NO,1,,0.2,
PEP-HP,pkt,2,Approx. 30 seeds,Pepper,NO,1,,3.83,
PEP-HP,100s,2,Approx. 100 seeds,Pepper,NO,1,,0.2,
PEP-HP,250s,2,Approx. 250 seeds,Pepper,NO,1,,0.2,
PEP-PR,pkt,2,Approx. 30 seeds,Pepper,NO,1,,0.2,
PEP-PR,100s,2,Approx. 100 seeds,Pepper,NO,1,,0.2,
PEP-PA,pkt,2,Approx. 30 seeds,Pepper,NO,1,,3.9,
PEP-PA,100s,2,Approx. 100 seeds,Pepper,NO,1,,0.2,
PEP-PA,250s,2,Approx. 250 seeds,Pepper,NO,1,,0.2,
PEP-PA,1Ms,2,Approx. 1000 seeds,Pepper,NO,1,,0.2,
PEP-SG,pkt,2,Approx. 30 seeds,Pepper,NO,1,,3.91,
PEP-SG,100s,2,Approx. 100 seeds,Pepper,NO,1,,0.2,
PEP-SG,250s,2,Approx. 250 seeds,Pepper,NO,1,,0.2,
PEP-SG,1Ms,2,Approx. 1000 seeds,Pepper,NO,1,,0.2,
PEP-SP,pkt,2,Approx. 25 seeds,Pepper,NO,1,,3.93,
PEP-SP,100s,2,Approx. 100 seeds,Pepper,NO,1,,0.2,
PEP-SP,250s,2,Approx. 250 seeds,Pepper,NO,1,,0.2,
PEP-SP,1Ms,2,Approx. 1000 seeds,Pepper,NO,1,,0.2,
PEP-TM,pkt,2,Approx. 30 seeds,Pepper,NO,1,,3.95,
PEP-TM,100s,2,Approx. 100 seeds,Pepper,NO,1,,0.2,
PEP-TM,250s,2,Approx. 250 seeds,Pepper,NO,1,,0.2,
PEP-TM,1Ms,2,Approx. 1000 seeds,Pepper,NO,1,,0.2,
PEP-AS,pkt,2,Approx. 30 seeds,Pepper,NO,1,,3.72,
PEP-AS,100s,2,Approx. 100 seeds,Pepper,NO,1,,0.2,
PEP-AS,250s,2,Approx. 250 seeds,Pepper,NO,1,,0.2,
PEP-BP,pkt,2,Approx. 30 seeds,Pepper,NO,1,,3.76,
PEP-BP,100s,2,Approx. 100 seeds,Pepper,NO,1,,0.2,
PEP-BP,250s,2,Approx. 250 seeds,Pepper,NO,1,,0.2,
PEP-CC,pkt,2,Approx. 30 seeds,Pepper,NO,1,,3.78,
PEP-CC,100s,2,Approx. 100 seeds,Pepper,NO,1,,0.2,
PEP-CC,250s,2,Approx. 250 seeds,Pepper,NO,1,,0.2,
PEP-CC,1Ms,2,Approx. 1000 seeds,Pepper,NO,1,,0.2,
PEP-DH,pkt,2,Approx. 30 seeds,Pepper,NO,1,,3.81,
PEP-DH,100s,2,Approx. 100 seeds,Pepper,NO,1,,0.2,
PEP-DH,250s,2,Approx. 250 seeds,Pepper,NO,1,,0.2,
PEP-EE,pkt,2,Approx. 30 seeds,Pepper,NO,1,,3.82,
PEP-EE,100s,2,Approx. 100 seeds,Pepper,NO,1,,0.2,
PEP-EE,250s,2,Approx. 250 seeds,Pepper,NO,1,,0.2,
PEP-EE,1Ms,2,Approx. 1000 seeds,Pepper,NO,1,,0.2,
PEP-JN,pkt,2,Approx. 30 seeds,Pepper,NO,1,,3.84,
PEP-JN,100s,2,Approx. 100 seeds,Pepper,NO,1,,0.2,
PEP-JN,250s,2,Approx. 250 seeds,Pepper,NO,1,,0.2,
PEP-JN,1Ms,2,Approx. 1000 seeds,Pepper,NO,1,,0.2,
PEP-YN,pkt,2,Approx. 30 seeds,Pepper,NO,1,,3.97,
PEP-YN,100s,2,Approx. 100 seeds,Pepper,NO,1,,0.2,
PEP-YN,250s,2,Approx. 250 seeds,Pepper,NO,1,,0.2,
PEP-YN,1Ms,2,Approx. 1000 seeds,Pepper,NO,1,,0.2,
PEP-MP,pkt,2,Approx. 30 seeds,Pepper,NO,1,,3.87,
PEP-MP,100s,2,Approx. 100 seeds,Pepper,NO,1,,0.2,
PEP-MP,250s,2,Approx. 250 seeds,Pepper,NO,1,,0.2,
PEP-MP,1Ms,2,Approx. 1000 seeds,Pepper,NO,1,,0.2,
PEP-OK,pkt,2,Approx. 30 seeds,Pepper,NO,1,,3.88,
PEP-OK,100s,2,Approx. 100 seeds,Pepper,NO,1,,0.2,
PEP-OK,250s,2,Approx. 250 seeds,Pepper,NO,1,,0.2,
PEP-PM,pkt,2,Approx. 30 seeds,Pepper,NO,1,,3.89,
PEP-PM,100s,2,Approx. 100 seeds,Pepper,NO,1,,0.2,
PEP-PM,250s,2,Approx. 250 seeds,Pepper,NO,1,,0.2,
PEP-PM,1Ms,2,Approx. 1000 seeds,Pepper,NO,1,,0.2,
PEP-SR,pkt,2,Approx. 30 seeds,Pepper,NO,1,,3.92,
PEP-SR,100s,2,Approx. 100 seeds,Pepper,NO,1,,0.2,
PEP-SR,250s,2,Approx. 250 seeds,Pepper,NO,1,,0.2,
PEP-SR,1Ms,2,Approx. 1000 seeds,Pepper,NO,1,,0.2,
QUI-RH,pkt,2,Approx. 300 seeds,Veg,YES,1,,4.62,
QUI-RH,1/4oz,2,Net wt. 1/4 oz,Veg,YES,1,,0.2,
RAD-FB,pkt,2,Net wt. 2 g,Veg,YES,1,,5.28,
RAD-FB,1oz,2,Net wt. 1 oz,Veg,YES,1,,0.2,
RAD-SO,pkt,2,Net wt. 2 g,Veg,YES,1,,5.3,
RAD-SO,1oz,2,Net wt. 1 oz,Veg,YES,1,,0.2,
RAD-GL,pkt,2,Net wt. 2 g,Veg,YES,1,,5.29,
RAD-GL,1oz,2,Net wt. 1 oz,Veg,YES,1,,0.2,
BRO-NO,pkt,2,Net wt. 1 g,Greens,NO,1,,5.32,
BRO-NO,1/4oz,2,Net wt. 1/4 oz,Greens,NO,1,,0.2,
BRO-NO,1oz,2,Net wt. 1 oz,Greens,NO,1,,0.2,
BRO-SM,pkt,2,Net wt. 1 g,Greens,NO,1,,5.33,
BRO-SM,1/4oz,2,Net wt. 1/4 oz,Greens,NO,1,,0.2,
RUT-JO,pkt,2,Net wt. 1 g,Veg,YES,1,,0.2,
RUT-JO,1/4oz,2,Net wt. 1/4 oz,Veg,YES,1,,0.2,
RUT-JO,1oz,2,Net wt. 1 oz,Veg,YES,1,,0.2,
ONI-ER,pkt,2,Approx. 100 seeds,Onion,NO,1,,5.19,
ONI-ER,1/8oz,2,Net wt. 1/8 oz,Onion,NO,1,,0.2,
ONI-ER,1/2oz,2,Net wt. 1/2 oz,Onion,NO,1,,0.2,
ONI-ER,1oz,2,Net wt. 1 oz,Onion,NO,1,,0.2,
GRE-BS,pkt,2,Approx. 250 seeds,Veg,YES,1,,6.96,
GRE-BS,1/8oz,2,Net wt. 1/8 oz,Veg,YES,1,,0.2,
GRE-BS,1/2oz,2,Net wt. 1/2 oz,Veg,YES,1,,0.2,
SPI-BE,pkt,2,Approx. 200 seeds,Greens,NO,1,,5.61,
SPI-BE,1oz,2,Net wt. 1 oz,Greens,NO,1,,0.2,
SPI-BE,1/4lb,2,Net wt. 1/4 lb •,SM Coffee,YES,1,,0.2,
SPI-BE,1lb,2,Net wt. 1 lb •,SM Coffee,YES,1,,0.2,
SPI-WB,pkt,2,Approx. 200 seeds,Greens,NO,1,,5.62,
SPI-WB,1oz,2,Net wt. 1 oz,Greens,NO,1,,0.2,
SPI-WB,1/4lb,2,Net wt. 1/4 lb •,SM Coffee,YES,1,,0.2,
SPI-WB,1lb,2,Net wt. 1 lb •,SM Coffee,YES,1,,0.2,
SPI-WG,pkt,2,Approx. 200 seeds,Greens,NO,1,,5.63,
SPI-WG,1oz,2,Net wt. 1 oz,Greens,NO,1,,0.2,
SPI-WG,1/4lb,2,Net wt. 1/4 lb •,SM Coffee,YES,1,,0.2,
SPI-WG,1lb,2,Net wt. 1 lb •,SM Coffee,YES,1,,0.2,
SQU-YC,pkt,2,Approx. 25-30 seeds,"Squash, Summer",NO,1,,3.14,
SQU-YC,1oz,2,Net wt. 1 oz,"Squash, Summer",NO,1,,0.2,
SQU-YC,1/4lb,2,Net wt. 1/4 lb,SM Coffee,YES,1,,0.2,
SQU-YC,1lb,2,Net wt. 1 lb ••,LG Coffee,YES,1,,0.2,
SQU-OD,pkt,2,Approx. 20 seeds,"Squash, Summer",NO,1,,3.13,
SQU-OD,1oz,2,Net wt. 1 oz,"Squash, Summer",NO,1,,0.2,
SQU-OD,1/4lb,2,Net wt. 1/4 lb •,SM Coffee,YES,1,,0.2,
SQU-OD,1lb,2,Net wt. 1 lb ••,LG Coffee,YES,1,,0.2,
ZUC-CR,pkt,2,Approx. 25 seeds,"Squash, Summer",NO,1,,3.11,
ZUC-CR,1oz,2,Net wt. 1 oz,"Squash, Summer",NO,1,,0.2,
ZUC-CR,1/4lb,2,Net wt. 1/4 lb •,SM Coffee,YES,1,,0.2,
ZUC-CR,1lb,2,Net wt. 1 lb ••,LG Coffee,YES,1,,0.2,
ZUC-DS,pkt,2,Approx. 25 seeds,"Squash, Summer",NO,1,,3.12,
ZUC-DS,1oz,2,Net wt. 1 oz,"Squash, Summer",NO,1,,0.2,
ZUC-DS,1/4lb,2,Net wt. 1/4 lb •,SM Coffee,YES,1,,0.2,
ZUC-DS,1lb,2,Net wt. 1 lb ••,LG Coffee,YES,1,,0.2,
CHA-GO,pkt,2,Approx. 100 seeds,Chard,NO,1,,0.2,
CHA-RA,pkt,2,Approx. 100 seeds,Chard,NO,1,,5.59,
CHA-RA,1/2oz,2,Net wt. 1/2 oz,Chard,NO,1,,0.2,
CHA-RA,1oz,2,Net wt. 1 oz,Chard,NO,2,CHA-RA-1/2oz,0.2,
CHA-RA,1/4lb,2,Net wt. 1/4 lb •,SM Coffee,YES,1,,0.2,
CHA-RH,pkt,2,Approx. 100 seeds,Chard,NO,1,,5.6,
CHA-RH,1/2oz,2,Net wt. 1/2 oz,Chard,NO,1,,0.2,
CHA-RH,1oz,2,Net wt. 1 oz,Chard,NO,2,CHA-RH-1/2oz,0.2,
TGC-DM,pkt,2,Approx. 30-35 seeds,Veg,YES,1,,4.52,
TGC-DM,100s,2,Approx. 100 seeds,Veg,YES,1,,0.2,
TGC-DM,250s,2,Approx. 250 seeds,Veg,YES,1,,0.2,
TOM-AF,pkt,2,Approx. 30-35 seeds,Tomato,NO,1,,3.32,
TOM-AF,100s,2,Approx. 100 seeds,Tomato,NO,1,,0.2,
TOM-AF,250s,2,Approx. 250 seeds,Tomato,NO,1,,0.2,
TOM-BP,pkt,2,Approx. 30-35 seeds,Tomato,NO,1,,3.35,
TOM-BP,100s,2,Approx. 100 seeds,Tomato,NO,1,,0.2,
TOM-BL,pkt,2,Approx. 30-35 seeds,Tomato,NO,1,,3.36,
TOM-BL,100s,2,Approx. 100 seeds,Tomato,NO,1,,0.2,
TOM-CA,pkt,2,Approx. 30-35 seeds,Tomato,NO,1,,3.38,
TOM-CA,100s,2,Approx. 100 seeds,Tomato,NO,1,,0.2,
TOM-CA,250s,2,Approx. 250 seeds,Tomato,NO,1,,0.2,
TOM-CE,pkt,2,Approx. 30-35 seeds,Tomato,NO,1,,3.39,
TOM-CE,100s,2,Approx. 100 seeds,Tomato,NO,1,,0.2,
TOM-CE,250s,2,Approx. 250 seeds,Tomato,NO,1,,0.2,
TOM-AL,pkt,2,Approx. 30-35 seeds,Tomato,NO,1,,3.4,
TOM-AL,100s,2,Approx. 100 seeds,Tomato,NO,1,,0.2,
TOM-GA,pkt,2,Approx. 30-35 seeds,Tomato,NO,1,,3.42,
TOM-GA,100s,2,Approx. 100 seeds,Tomato,NO,1,,0.2,
TOM-GA,250s,2,Approx. 250 seeds,Tomato,NO,1,,0.2,
TOM-GM,pkt,2,Approx. 30-35 seeds,Tomato,NO,1,,3.44,
TOM-GM,100s,2,Approx. 100 seeds,Tomato,NO,1,,0.2,
TOM-GM,250s,2,Approx. 250 seeds,Tomato,NO,1,,0.2,
TOM-GZ,pkt,2,Approx. 30-35 seeds,Tomato,NO,1,,0.2,
TOM-GZ,100s,2,Approx. 100 seeds,Tomato,NO,1,,0.2,
TOM-IA,pkt,2,Approx. 30-35 seeds,Tomato,NO,1,,0.2,
TOM-IA,100s,2,Approx. 100 seeds,Tomato,NO,1,,0.2,
TOM-IH,pkt,2,Approx. 30-35 seeds,Tomato,NO,1,,3.46,
TOM-IH,100s,2,Approx. 100 seeds,Tomato,NO,1,,0.2,
TOM-IH,250s,2,Approx. 250 seeds,Tomato,NO,1,,0.2,
TOM-JF,pkt,2,Approx. 30-35 seeds,Tomato,NO,1,,3.47,
TOM-JF,100s,2,Approx. 100 seeds,Tomato,NO,1,,0.2,
TOM-JF,250s,2,Approx. 250 seeds,Tomato,NO,1,,0.2,
TOM-LA,pkt,2,Approx. 30-35 seeds,Tomato,NO,1,,3.5,
TOM-LA,100s,2,Approx. 100 seeds,Tomato,NO,1,,0.2,
TOM-LA,250s,2,Approx. 250 seeds,Tomato,NO,1,,0.2,
TOM-MY,pkt,2,Approx. 30-35 seeds,Tomato,NO,1,,3.51,
TOM-MY,100s,2,Approx. 100 seeds,Tomato,NO,1,,0.2,
TOM-MA,pkt,2,Approx. 30-35 seeds,Tomato,NO,1,,3.52,
TOM-MA,100s,2,Approx. 100 seeds,Tomato,NO,1,,0.2,
TOM-MA,250s,2,Approx. 250 seeds,Tomato,NO,1,,0.2,
TOM-MG,pkt,2,Approx. 30-35 seeds,Tomato,NO,1,,3.55,
TOM-MG,100s,2,Approx. 100 seeds,Tomato,NO,1,,0.2,
TOM-MG,250s,2,Approx. 250 seeds,Tomato,NO,1,,0.2,
TOM-NE,pkt,2,Approx. 30-35 seeds,Tomato,NO,1,,3.56,
TOM-NE,100s,2,Approx. 100 seeds,Tomato,NO,1,,0.2,
TOM-RP,pkt,2,Approx. 30-35 seeds,Tomato,NO,1,,3.62,
TOM-RP,100s,2,Approx. 100 seeds,Tomato,NO,1,,0.2,
TOM-SH,pkt,2,Approx. 30-35 seeds,Tomato,NO,1,,3.64,
TOM-SH,100s,2,Approx. 100 seeds,Tomato,NO,1,,0.2,
TOM-SH,250s,2,Approx. 250 seeds,Tomato,NO,1,,0.2,
TOM-ST,pkt,2,Approx. 30-35 seeds,Tomato,NO,1,,3.66,
TOM-ST,100s,2,Approx. 100 seeds,Tomato,NO,1,,0.2,
TOM-ST,250s,2,Approx. 250 seeds,Tomato,NO,1,,0.2,
TOM-SL,pkt,2,Approx. 30-35 seeds,Tomato,NO,1,,3.67,
TOM-SL,100s,2,Approx. 100 seeds,Tomato,NO,1,,0.2,
TOM-SL,250s,2,Approx. 250 seeds,Tomato,NO,1,,0.2,
TOM-VZ,pkt,2,Approx. 10 seeds,Tomato,NO,1,,3.7,
TOM-VZ,50s,2,Approx. 50 seeds,Tomato,NO,1,,0.2,
TOM-BC,pkt,2,Approx. 30-35 seeds,Tomato,NO,1,,3.34,
TOM-BC,100s,2,Approx. 100 seeds,Tomato,NO,1,,0.2,
TOM-GS,pkt,2,Approx. 30-35 seeds,Tomato,NO,1,,3.43,
TOM-GS,100s,2,Approx. 100 seeds,Tomato,NO,1,,0.2,
TOM-GS,250s,2,Approx. 250 seeds,Tomato,NO,1,,0.2,
TOM-GG,pkt,2,Approx. 30 seeds,Tomato,NO,1,,3.45,
TOM-GG,100s,2,Approx. 100 seeds,Tomato,NO,1,,0.2,
TOM-KO,pkt,2,Approx. 30-35 seeds,Tomato,NO,1,,3.48,
TOM-KO,100s,2,Approx. 100 seeds,Tomato,NO,1,,0.2,
TOM-KO,250s,2,Approx. 250 seeds,Tomato,NO,1,,0.2,
TOM-PI,pkt,2,Approx. 30-35 seeds,Tomato,NO,1,,3.6,
TOM-PI,100s,2,Approx. 100 seeds,Tomato,NO,1,,0.2,
TOM-PI,250s,2,Approx. 250 seeds,Tomato,NO,1,,0.2,
TOM-PI,1Ms,2,Approx. 1000 seeds,Tomato,NO,1,,0.2,
TOM-RF,pkt,2,Approx. 30-35 seeds,Tomato,NO,1,,3.61,
TOM-RF,100s,2,Approx. 100 seeds,Tomato,NO,1,,0.2,
TOM-SW,pkt,2,Approx. 30-35 seeds,Tomato,NO,1,,3.65,
TOM-SW,100s,2,Approx. 100 seeds,Tomato,NO,1,,0.2,
TOM-SO,pkt,2,Approx. 30-35 seeds,Tomato,NO,1,,3.68,
TOM-SO,100s,2,Approx. 100 seeds,Tomato,NO,1,,0.2,
TOM-SO,250s,2,Approx. 250 seeds,Tomato,NO,1,,0.2,
TOM-YP,pkt,2,Approx. 30-35 seeds,Tomato,NO,1,,3.71,
TOM-YP,100s,2,Approx. 100 seeds,Tomato,NO,1,,0.2,
TOM-FI,pkt,2,Approx. 30-35 seeds,Tomato,NO,1,,3.41,
TOM-FI,100s,2,Approx. 100 seeds,Tomato,NO,1,,0.2,
TOM-FI,250s,2,Approx. 250 seeds,Tomato,NO,1,,0.2,
TOM-NR,pkt,2,Approx. 30-35 seeds,Tomato,NO,1,,3.57,
TOM-NR,100s,2,Approx. 100 seeds,Tomato,NO,1,,0.2,
TOM-AN,pkt,2,Approx. 20 seeds,Smarties,YES,1,,3.33,
TOM-AN,100s,2,Approx. 100 seeds,Smarties,YES,1,,0.2,
TOM-AN,250s,2,Approx. 250 seeds,Smarties,YES,1,,0.2,
WAT-BM,pkt,2,Approx. 25 seeds,Cuke,NO,1,,3.22,
WAT-BM,100s,2,Approx. 100 seeds,Cuke,NO,1,,0.2,
WAT-CO,pkt,2,Approx. 15 seeds,Cuke,NO,1,,3.23,
WAT-CO,100s,2,Approx. 100 Seeds,Cuke,NO,1,,0.2,
WAT-JK,pkt,2,Approx. 25 seeds,Cuke,NO,1,,3.24,
WAT-JK,100s,2,Approx. 100 seeds,Cuke,NO,1,,0.2,
WHE-BE,pkt,2,Net wt. 1/2 oz,Veg,YES,1,,4.63,
WHE-BE,1/4lb,2,Net wt. 1/4 lb •,SM Coffee,YES,1,,0.2,
WHE-BE,1lb,2,Net wt. 1 lb •,SM Coffee,YES,1,,0.2,
WHE-EB,pkt,2,Net wt. 1/2 oz,Veg,YES,1,,4.64,
WHE-EB,1/4lb,2,Net wt. 1/4 lb •,SM Coffee,YES,1,,0.2,
WHE-EB,1lb,2,Net wt. 1 lb •,SM Coffee,YES,1,,0.2,
SQU-BI,pkt,2,Approx. 25 seeds,"Squash, Winter",NO,1,,3,
SQU-BI,1oz,2,Net wt. 1 oz,"Squash, Winter",NO,1,,0.2,
SQU-BF,pkt,2,Approx. 20. seeds,"Squash, Winter",NO,1,,3.01,
SQU-BF,1oz,2,Net wt. 1 oz,"Squash, Winter",NO,1,,0.2,
SQU-FU,pkt,2,Approx. 20 seeds,"Squash, Winter",NO,1,,3.02,
SQU-FU,1oz,2,Net wt. 1 oz,"Squash, Winter",NO,1,,0.2,
SQU-FU,1/4lb,2,Net wt. 1/4 lb •,SM Coffee,YES,1,,0.2,
SQU-BB,pkt,2,Approx. 20 seeds,"Squash, Winter",NO,1,,3.03,
SQU-BB,1oz,2,Net wt. 1 oz,"Squash, Winter",NO,1,,0.2,
SQU-MG,pkt,2,Approx. 25 seeds,"Squash, Winter",NO,1,,3.05,
SQU-PO,pkt,2,Approx. 25 seeds,"Squash, Winter",NO,1,,3.07,
SQU-PO,1oz,2,Net wt. 1 oz,"Squash, Winter",NO,1,,0.2,
SQU-SM,pkt,2,Approx. 15 seeds,"Squash, Winter",NO,1,,3.06,
SQU-SM,1oz,2,Net wt. 1 oz,"Squash, Winter",NO,1,,0.2,
SQU-ZE,pkt,2,Approx. 25-30 seeds,"Squash, Winter",NO,1,,3.08,
SQU-ZE,1oz,2,Net wt. 1 oz,"Squash, Winter",NO,1,,0.2,
SQU-ZM,pkt,2,Approx. 15 seeds,"Squash, Winter",NO,1,,3.09,
SQU-ZM,1oz,2,Net wt. 1 oz,"Squash, Winter",NO,1,,0.2,
PUM-HO,pkt,2,Approx. 20 seeds,"Squash, Winter",NO,1,,3.1,
PUM-HO,1oz,2,Net wt. 1 oz,"Squash, Winter",NO,1,,0.2,
PUM-LP,pkt,2,Approx. 25 seeds,"Squash, Winter",NO,1,,3.1,
PUM-LP,1oz,2,Net wt. 1 oz,"Squash, Winter",NO,1,,0.2,
PUM-LP,1/4lb,2,Net wt. 1/4 lb •,SM Coffee,YES,1,,0.2,
PUM-ST,pkt,2,Approx. 20 seeds,"Squash, Winter",NO,1,,3.1,
PUM-ST,1oz,2,Net wt. 1 oz,"Squash, Winter",NO,1,,0.2,
PUM-WL,pkt,2,Approx. 25 seeds,"Squash, Winter",NO,1,,3.1,
PUM-WL,1oz,2,Net wt. 1 oz,"Squash, Winter",NO,1,,0.2,
PUM-WL,1/4lb,2,Net wt. 1/4 lb •,SM Coffee,YES,1,,0.2,
PUM-WL,1lb,2,Net wt. 1 lb ••,LG Coffee,YES,1,,0.2,
HER-BC,pkt,2,Approx. 100 seeds,Herb,YES,1,,6.03,
HER-GC,pkt,1,Approx. 200 seeds,Herb,YES,1,,6.05,
HER-GC,1g,1,Net wt. 1 g,Herb,YES,1,,0.2,
HER-EC,pkt,1,Approx. 100 seeds,Flower,YES,1,,6.09,
HER-IL,pkt,2,Approx. 100 seeds,Herb,YES,1,,6.02,
HER-IL,1/8oz,2,Net wt. 1/8 oz,Herb,YES,1,,0.2,
HER-TU,pkt,1,Approx. 100 seeds,Herb,YES,1,,6.18,
HER-TU,500s,1,Approx. 500 seeds,Herb,YES,1,,0.2,
HER-TU,1Ms,1,Approx. 1000 seeds,Herb,YES,1,,0.2,
HER-PJ,pkt,2,Approx. 150 seeds,Herb,YES,1,,6.07,
HER-PJ,1oz,2,Net wt. 1 oz,Herb,YES,1,,0.2,
HER-PJ,1/4lb,2,Net wt. 1/4 lb •,SM Coffee,YES,1,,0.2,
HER-PJ,1lb,2,Net wt. 1 lb ••,LG Coffee,YES,1,,0.2,
HER-GK,pkt,2,Net wt. 1/2 g,Herb,YES,1,,6.08,
HER-GK,1/2oz,2,Net wt. 1/2 oz,Herb,YES,1,,0.2,
HER-AH,pkt,1,Approx. 150 seeds,Herb,YES,1,,6.01,
HER-AH,500s,1,Approx. 500 seeds,Herb,YES,1,,0.2,
HER-HY,pkt,1,Approx. 100 seeds,Herb,YES,1,,6.1,
HER-HY,1Ms,1,Approx. 1000 seeds,Herb,YES,1,,0.2,
HER-MT,pkt,2,Approx. 100 seeds,Herb,YES,1,,6.13,
HER-MT,500s,2,Approx. 500 seeds,Herb,YES,1,,0.2,
HER-MA,pkt,1,Approx. 100 seeds,Herb,YES,1,,6.12,
HER-ME,pkt,2,Approx. 100 seeds,Herb,YES,1,,6.14,
HER-ME,1Ms,2,Approx. 1000 seeds,Herb,YES,1,,0.2,
HER-MP,pkt,2,Net wt. 1/2 g,Herb,YES,1,,6.16,
HER-MP,1/2oz,2,Net wt. 1/2 oz,Herb,YES,1,,0.2,
HER-SC,pkt,2,Approx. 300 seeds,Herb,YES,1,,6.17,
HER-BF,pkt,2,Approx. 200 seeds,Herb,YES,1,,6.04,
HER-BF,1/4oz,2,Net wt. 1/4 oz,Herb,YES,1,,0.2,
HER-BF,1oz,2,Net wt. 1 oz,Herb,YES,1,,0.2,
ACH-DD,pkt,2,Approx. 150 seeds,Flower,YES,1,,2.81,
ACH-DD,1Ms,2,Approx. 1000 seeds,Flower,YES,1,,0.2,
ACH-LP,pkt,2,Approx. 150 seeds,Flower,YES,1,,2.82,
ACH-LP,1Ms,2,Approx. 1000 seeds,Flower,YES,1,,0.2,
AMA-CF,pkt,2,Approx. 150 seeds,Flower,YES,1,,1.05,
AMA-CF,1/4oz,2,Net wt. 1/4 oz,Flower,YES,1,,0.2,
AMA-CF,1oz,2,Net wt. 1 oz,Flower,YES,1,,0.2,
AMA-CF,1/4lb,2,Net wt. 1/4 lb •,SM Coffee,YES,1,,0.2,
AMA-CF,1lb,2,Net wt. 1 lb •,SM Coffee,YES,1,,0.2,
AMA-EH,pkt,2,Approx. 150 seeds,Flower,YES,1,,1.06,
AMA-EH,1/4oz,2,Net wt. 1/4 oz,Flower,YES,1,,0.2,
AMA-EH,1oz,2,Net wt. 1 oz,Flower,YES,1,,0.2,
AMA-HB,pkt,2,Approx. 150 seeds,Flower,YES,1,,1.07,
AMA-HB,1/4oz,2,Net wt. 1/4 oz,Flower,YES,1,,0.2,
AMA-HB,1oz,2,Net wt. 1 oz,Flower,YES,1,,0.2,
AMA-HB,1/4lb,2,Net wt. 1/4 lb •,SM Coffee,YES,1,,0.2,
AMA-LL,pkt,2,Approx. 150 seeds,Flower,YES,1,,1.08,
AMA-LL,1/4oz,2,Net wt. 1/4 oz,Flower,YES,1,,0.2,
AMA-LL,1oz,2,Net wt. 1 oz,Flower,YES,1,,0.2,
AMA-LL,1/4lb,2,Net wt. 1/4 lb •,SM Coffee,YES,1,,0.2,
AMA-LL,1lb,2,Net wt. 1 lb •,SM Coffee,YES,1,,0.2,
AMA-OP,pkt,2,Approx. 150 seeds,Flower,YES,1,,1.09,
AMA-OP,1/4oz,2,Net wt. 1/4 oz,Flower,YES,1,,0.2,
AMA-OP,1oz,2,Net wt. 1 oz,Flower,YES,1,,0.2,
AMA-OP,1/4lb,2,Net wt. 1/4 lb •,SM Coffee,YES,1,,0.2,
AMA-SU,pkt,2,Approx. 150 seeds,Veg,YES,1,,6.95,
AMA-SU,1/4oz,2,Net wt. 1/4 oz,Veg,YES,1,,0.2,
AMA-SU,1oz,2,Net wt. 1 oz,Veg,YES,1,,0.2,
BAB-BB,pkt,2,Approx. 75 seeds,Flower,YES,1,,1.14,
BAB-BB,1/4oz,2,Net wt. 1/4 oz,Flower,YES,1,,0.2,
BAB-FB,pkt,2,Approx. 75 seeds,Flower,YES,1,,1.15,
BAB-FB,1/4oz,2,Net wt. 1/4 oz,Flower,YES,1,,0.2,
BFL-AB,pkt,2,Approx. 50 seeds,Flower,YES,1,,1.17,
FLO-BO,pkt,1,Approx. 75 seeds,Flower,YES,1,,1.16,
FLO-BO,1oz,1,Net wt. 1 oz,Flower,YES,1,,0.2,
FLO-ED,pkt,1,Approx. 75-100 seeds,Flower,YES,1,,1.04,
FLO-SA,pkt,1,Approx. 50 seeds,Flower,YES,1,,2.55,
BUP-GG,pkt,2,Approx. 75 seeds,Flower,YES,1,,1.14,
BUP-GG,500s,2,Approx. 500 seeds,Flower,YES,1,,0.2,
BUP-GG,1Ms,2,Approx. 1000 seeds,Flower,YES,1,,0.2,
BUP-GG,5Ms,2,Approx. 5k seeds,Flower,YES,1,,0.2,
CAL-MX,pkt,1,Approx. 50 seeds,Flower,YES,1,,2,
CAL-MX,1/2oz,1,Net wt. 1/2 oz,Flower,YES,1,,0.2,
CAL-MX,1oz,1,Net wt. 1 oz,Flower,YES,2,CAL-MX-1/2oz,0.2,
CAL-ZE,pkt,2,Approx. 50 seeds,Flower,YES,1,,2,
CAL-ZE,250s,2,Approx. 250 seeds,Flower,YES,1,,0.2,
CEL-RP,pkt,2,Approx. 100 seeds,Flower,YES,1,,2.01,
CEL-RP,500s,2,Approx. 500 seeds,Flower,YES,1,,0.2,
CEL-RP,1Ms,2,Approx. 1000 seeds,Flower,YES,1,,0.2,
CEL-SC,pkt,2,Approx. 100 seeds,Flower,YES,1,,2.01,
CEL-SC,500s,2,Approx. 500 seeds,Flower,YES,1,,0.2,
CEL-SC,1Ms,2,Approx. 1000 seeds,Flower,YES,1,,0.2,
CER-PG,pkt,2,Approx. 25 seeds,Flower,YES,1,,2.02,
CER-PG,100s,2,Approx. 100 seeds,Flower,YES,1,,0.2,
CER-PG,500s,2,Approx. 500 seeds,Flower,YES,1,,0.2,
AST-HP,pkt,2,Approx. 50 seeds,Flower,YES,1,,1.11,
AST-HP,250s,2,Approx. 250 seeds,Flower,YES,1,,0.2,
AST-HP,1Ms,2,Approx. 1000 seeds,Flower,YES,1,,0.2,
AST-TC,pkt,2,Approx. 50 seeds,Flower,YES,1,,1.12,
AST-TC,250s,2,Approx. 250 seeds,Flower,YES,1,,0.2,
AST-TC,1Ms,2,Approx. 1000 seeds,Flower,YES,1,,0.2,
AST-HH,pkt,2,Approx. 50 seeds,Flower,YES,1,,1.1,
AST-HH,250s,2,Approx. 250 seeds,Flower,YES,1,,0.2,
CLE-VQ,pkt,2,Approx. 75 seeds,Flower,YES,1,,2.03,
CLE-VQ,250s,2,Approx. 250 seeds,Flower,YES,1,,0.2,
CLE-VQ,1Ms,2,Approx. 1000 seeds,Flower,YES,1,,0.2,
CLB-BL,pkt,2,Approx. 100 seeds,Flower,YES,1,,2.04,
CLB-BL,500s,2,Approx. 500 seeds,Flower,YES,1,,0.2,
CLB-BB,pkt,2,Approx. 100 seeds,Flower,YES,1,,2.05,
CLB-BB,500s,2,Approx. 500 seeds,Flower,YES,1,,0.2,
CLB-BB,1Ms,2,Approx. 1000 seeds,Flower,YES,1,,0.2,
CLB-LS,pkt,2,Approx. 100 seeds,Flower,YES,1,,2.06,
CLB-LS,500s,2,Approx. 500 seeds,Flower,YES,1,,0.2,
CLB-LS,1Ms,2,Approx. 1000 seeds,Flower,YES,1,,0.2,
CRP-RO,pkt,2,Approx. 100 seeds,Flower,YES,1,,2.07,
CRP-RO,500s,2,Approx. 500 seeds,Flower,YES,1,,0.2,
COS-DI,pkt,2,Approx. 75 seeds,Cosmos,NO,1,,2.08,
COS-DI,250s,2,Approx. 250 seeds,Cosmos,NO,1,,0.2,
COS-DI,1Ms,2,Approx. 1000 seeds,Cosmos,NO,1,,0.2,
COS-PP,pkt,2,Approx. 75 seeds,Cosmos,NO,1,,2.08,
COS-PP,250s,2,Approx. 250 seeds,Cosmos,NO,1,,0.2,
COS-SP,pkt,2,Approx. 75 seeds,Cosmos,NO,1,,2.08,
COS-SP,250s,2,Approx. 250 seeds,Cosmos,NO,1,,0.2,
COS-SP,1Ms,2,Approx. 1000 seeds,Cosmos,NO,1,,0.2,
COS-VE,pkt,2,Approx. 75 seeds,Cosmos,NO,1,,2.08,
COS-VE,250s,2,Approx. 250 seeds,Cosmos,NO,1,,0.2,
CRA-SB,pkt,2,Approx. 75 seeds,Flower,YES,1,,2.09,
CRA-SB,500s,2,Approx. 500 seeds,Flower,YES,1,,0.2,
DAT-SA,pkt,2,Approx. 30 seeds,Flower,YES,1,,2.1,
ERY-BG,pkt,2,Approx. 40 seeds,Flower,YES,1,,2.14,
ERY-BG,100s,2,Approx. 100 seeds,Flower,YES,1,,0.2,
ERY-BG,500s,2,Approx. 500 seeds,Flower,YES,1,,0.2,
ERY-BG,1Ms,2,Approx. 1000 seeds,Flower,YES,1,,0.2,
FLA-OM,pkt,2,Approx. 200 seeds,Flower,YES,1,,2.15,
FLA-OM,1oz,2,Net wt. 1 oz,Flower,YES,1,,0.2,
FLA-OM,1/4lb,2,Net wt. 1/4 lb •,SM Coffee,YES,1,,0.2,
FLA-OM,1lb,2,Net wt. 1 lb •,SM Coffee,YES,1,,0.2,
FOX-AB,pkt,2,Approx. 250 seeds,Flower,YES,1,,2.21,
FOX-AB,1/4g,2,Net wt. 1/4 g,Flower,YES,1,,0.2,
FOX-AB,1g,2,Net wt. 1 g,Flower,YES,1,,0.2,
FOX-CC,pkt,2,Approx. 100 seeds,Flower,YES,1,,2.22,
FOX-CC,1Ms,2,Approx. 1000 seeds,Flower,YES,1,,0.2,
FOX-YH,pkt,2,Approx. 100 seeds,Flower,YES,1,,2.23,
FOX-YH,500s,2,Approx. 500 seeds,Flower,YES,1,,0.2,
FOX-WC,pkt,2,Approx. 250 seeds,Flower,YES,1,,2.24,
FOX-WC,1/4g,2,Net wt. 1/4 g,Flower,YES,1,,0.2,
GYP-CG,pkt,2,Approx. 100 seeds,Flower,YES,1,,2.26,
GYP-CG,1Ms,2,Approx. 1000 seeds,Flower,YES,1,,0.2,
JAC-BP,pkt,2,Approx. 100 seeds,Flower,YES,1,,2.27,
JAC-BP,500s,2,Approx. 500 seeds,Flower,YES,1,,0.2,
LAR-BC,pkt,2,Approx. 100 seeds,Flower,YES,1,,2.28,
LAR-BC,500s,2,Approx. 500 seeds,Flower,YES,1,,0.2,
LAR-EG,pkt,2,Approx. 50 seeds,Flower,YES,1,,2.28,
LAR-EG,250s,2,Approx. 250 seeds,Flower,YES,1,,0.2,
LAR-EG,1Ms,2,Approx. 1000 seeds,Flower,YES,1,,0.2,
LAR-SB,pkt,2,Approx. 50 seeds,Flower,YES,1,,2.28,
LAR-SB,250s,2,Approx. 250 seeds,Flower,YES,1,,0.2,
LAR-SB,1Ms,2,Approx. 1000 seeds,Flower,YES,1,,0.2,
LAR-WC,pkt,2,Approx. 100 seeds,Flower,YES,1,,2.28,
LAR-WC,500s,2,Approx. 500 seeds,Flower,YES,1,,0.2,
MAL-PL,pkt,2,Approx. 100 seeds,Flower,YES,1,,2.29,
MAL-PL,500s,2,Approx. 500 seeds,Flower,YES,1,,0.2,
MAR-FB,pkt,2,Approx. 50 seeds,Flower,YES,1,,2.3,
MAR-FB,250s,2,Approx. 250 seeds,Flower,YES,1,,0.2,
MAR-GE,pkt,2,Approx. 50 seeds,Flower,YES,1,,2.31,
MAR-GE,250s,2,Approx. 250 seeds,Flower,YES,1,,0.2,
MAR-PI,pkt,2,Approx. 50 seeds,Flower,YES,1,,2.32,
MAR-PI,250s,2,Approx. 250 seeds,Flower,YES,1,,0.2,
MGL-GO,pkt,2,Approx. 40 seeds,Flower,YES,1,,2.34,
MGL-GO,200s,2,Approx. 200 seeds,Flower,YES,1,,0.2,
VRB-AS,pkt,2,Approx. 100 seeds,Flower,YES,1,,2.79,
VRB-AS,1Ms,2,Approx. 1000 seeds,Flower,YES,1,,0.2,
VRB-PM,pkt,2,Approx. 100 seeds,Flower,YES,1,,2.8,
VRB-PM,1Ms,2,Approx. 1000 seeds,Flower,YES,1,,0.2,
NAS-AL,pkt,2,Approx. 25-30 seeds,Flower,YES,1,,2.35,
NAS-AL,1oz,2,Net wt. 1 oz,Flower,YES,1,,0.2,
NAS-AL,1/4lb,2,Net wt. 1/4 lb •,SM Coffee,YES,1,,0.2,
NAS-TM,pkt,2,Approx. 25-30 seeds,Flower,YES,1,,2.35,
NAS-TM,1oz,2,Net wt. 1 oz,Flower,YES,1,,0.2,
NAS-TM,1/4lb,2,Net wt. 1/4 lb •,SM Coffee,YES,1,,0.2,
NIC-LD,pkt,2,Approx. 150 seeds,Flower,YES,1,,2.36,
NIC-LD,1Ms,2,Approx. 1000 seeds,Flower,YES,1,,0.2,
NIC-LG,pkt,2,Approx. 150 seeds,Flower,YES,1,,2.36,
NIC-PS,pkt,2,Approx. 150 seeds,Flower,YES,1,,2.36,
NIC-PS,1Ms,2,Approx. 1000 seeds,Flower,YES,1,,0.2,
NIC-OL,pkt,2,Approx. 150 seeds,Flower,YES,1,,2.36,
NIC-OL,1Ms,2,Approx. 1000 seeds,Flower,YES,1,,0.2,
NIG-BS,pkt,2,Approx. 100 seeds,Flower,YES,1,,2.37,
NIG-BS,500s,2,Approx. 500 seeds,Flower,YES,1,,0.2,
NIG-BS,1Ms,2,Approx. 1000 seeds,Flower,YES,1,,0.2,
NIG-EX,pkt,2,Approx. 100 seeds,Flower,YES,1,,2.4,
NIG-EX,500s,2,Approx. 500 seeds,Flower,YES,1,,0.2,
NIG-EX,1Ms,2,Approx. 1000 seeds,Flower,YES,1,,0.2,
NIG-BV,pkt,2,Approx. 100 seeds,Flower,YES,1,,2.38,
NIG-BV,500s,2,Approx. 500 seeds,Flower,YES,1,,0.2,
NIG-BV,1Ms,2,Approx. 1000 seeds,Flower,YES,1,,0.2,
NIG-DB,pkt,2,Approx. 100 seeds,Flower,YES,1,,2.39,
NIG-DB,500s,2,Approx. 500 seeds,Flower,YES,1,,0.2,
NIG-DB,1Ms,2,Approx. 1000 seeds,Flower,YES,1,,0.2,
GRS-BT,pkt,2,Approx. 100 seeds,Flower,YES,1,,2.25,
GRS-BT,1Ms,2,Approx. 1000 seeds,Flower,YES,1,,0.2,
GRS-FE,pkt,2,Approx. 100 seeds,Flower,YES,1,,2.25,
GRS-FE,500s,2,Approx. 500 seeds,Flower,YES,1,,0.2,
GRS-FE,1Ms,2,Approx. 1000 seeds,Flower,YES,1,,0.2,
PHA-BF,pkt,1,Approx. 250 seeds,Flower,YES,1,,2.41,
PHA-BF,1oz,1,Net wt. 1 oz,Flower,YES,1,,0.2,
POP-AG,pkt,2,Approx. 300 seeds,Poppy,NO,1,,2.42,
POP-AG,1g,2,Net wt. 1 g,Poppy,NO,1,,0.2,
POP-CA,pkt,2,Approx. 150 seeds,Poppy,NO,1,,2.44,
POP-BS,pkt,2,Approx. 300 seeds,Poppy,NO,1,,2.43,
POP-BS,1g,2,Net wt. 1 g,Poppy,NO,1,,0.2,
POP-CO,pkt,2,Approx. 300 seeds,Poppy,NO,1,,2.45,
POP-CO,1g,2,Net wt. 1 g,Poppy,NO,1,,0.2,
POP-DF,pkt,2,Approx. 300 seeds,Poppy,NO,1,,2.46,
POP-DF,1g,2,Net wt. 1 g,Poppy,NO,1,,0.2,
POP-FA,pkt,2,Approx. 300 seeds,Poppy,NO,1,,2.47,
POP-FA,1g,2,Net wt. 1 g,Poppy,NO,1,,0.2,
POP-ZI,pkt,2,Approx. 300 seeds,Poppy,NO,1,,2.53,
POP-ZI,1g,2,Net wt. 1 g,Poppy,NO,1,,0.2,
POP-PM,pkt,2,Approx. 100 seeds,Poppy,NO,1,,2.51,
POP-PM,500s,2,Approx. 500 seeds,Poppy,NO,1,,0.2,
POP-FW,pkt,2,Approx. 300 seeds,Poppy,NO,1,,2.48,
POP-FW,1g,2,Net wt. 1 g,Poppy,NO,1,,0.2,
POP-PA,pkt,2,Approx. 300 seeds,Poppy,NO,1,,2.52,
POP-PA,1g,2,Net wt. 1 g,Poppy,NO,1,,0.2,
RUD-AS,pkt,2,Approx. 100 seeds,Flower,YES,1,,2.54,
RUD-AS,500s,2,Approx. 500 seeds,Flower,YES,1,,0.2,
RUD-GW,pkt,2,Approx. 100 seeds,Flower,YES,1,,2.54,
RUD-GW,500s,2,Approx. 500 seeds,Flower,YES,1,,0.2,
RUD-GW,1Ms,2,Approx. 1000 seeds,Flower,YES,1,,0.2,
RUD-PG,pkt,2,Approx. 100 seeds,Flower,YES,1,,2.54,
RUD-PG,500s,2,Approx. 500 seeds,Flower,YES,1,,0.2,
RUD-PR,pkt,2,Approx. 100 seeds,Flower,YES,1,,2.54,
RUD-PR,500s,2,Approx. 500 seeds,Flower,YES,1,,0.2,
RUD-SH,pkt,2,Approx. 100 seeds,Flower,YES,1,,2.54,
RUD-SH,500s,2,Approx. 500 seeds,Flower,YES,1,,0.2,
STA-RU,pkt,1,Approx. 100 seeds,Flower,YES,1,,0.2,
STA-RU,500s,1,Approx. 500 seeds,Flower,YES,1,,0.2,
SAL-TH,pkt,2,Approx. 50 seeds,Flower,YES,1,,2.56,
SAL-TH,500s,2,Approx. 500 seeds,Flower,YES,1,,0.2,
SAL-TV,pkt,2,Approx. 50 seeds,Flower,YES,1,,2.57,
SAL-TV,250s,2,Approx. 250 seeds,Flower,YES,1,,0.2,
SAL-WS,pkt,2,Approx. 50 seeds,Flower,YES,1,,2.58,
SAL-WS,250s,2,Approx. 250 seeds,Flower,YES,1,,0.2,
SAL-WS,1Ms,2,Approx. 1000 seeds,Flower,YES,1,,0.2,
SCA-BK,pkt,2,Approx. 50 seeds,Flower,YES,1,,2.6,
SCA-BK,250s,2,Approx. 250 seeds,Flower,YES,1,,0.2,
SCA-FB,pkt,2,Approx. 20 seeds,Flower,YES,1,,2.61,
SCA-FB,100s,2,Approx. 100 seeds,Flower,YES,1,,0.2,
SCA-FB,250s,2,Approx. 250 seeds,Flower,YES,1,,0.2,
SCA-FM,pkt,2,Approx. 50 seeds,Flower,YES,1,,2.62,
SCA-FM,250s,2,Approx. 250 seeds,Flower,YES,1,,0.2,
SCA-GY,pkt,2,Approx. 20 seeds,Flower,YES,1,,2.63,
SCA-GY,100s,2,Approx. 100 seeds,Flower,YES,1,,0.2,
SCA-GY,500s,2,Approx. 500 seeds,Flower,YES,1,,0.2,
SCA-SB,pkt,2,Approx. 50 seeds,Flower,YES,1,,2.64,
SCA-SB,250s,2,Approx. 250 seeds,Flower,YES,1,,0.2,
SCA-SM,pkt,2,Approx. 50 seeds,Flower,YES,1,,2.65,
SCA-SM,250s,2,Approx. 250 seeds,Flower,YES,1,,0.2,
SCA-SK,pkt,2,Approx. 25 seeds,Flower,YES,1,,2.66,
SCA-SK,250s,2,Approx. 100 seeds,Flower,YES,1,,0.2,
SCA-SK,500s,2,Approx. 500 seeds •,SM Coffee,YES,1,,0.2,
POP-MP,pkt,2,Approx. 300 seeds,Poppy,NO,1,,2.5,
POP-MP,1g,2,Net wt. 1 g,Poppy,NO,1,,0.2,
STR-AP,pkt,2,Approx. 150 seeds,Flower,YES,1,,2.69,
STR-AP,500s,2,Approx. 500 seeds,Flower,YES,1,,0.2,
STR-MF,pkt,2,Approx. 150 seeds,Flower,YES,1,,2.7,
STR-MF,500s,2,Approx. 500 seeds,Flower,YES,1,,0.2,
STR-SR,pkt,2,Approx. 150 seeds,Flower,YES,1,,2.71,
STR-SR,500s,2,Approx. 500 seeds,Flower,YES,1,,0.2,
SUN-GA,pkt,2,Approx. 35 seeds,Sunflower,NO,1,,2.72,
SUN-GA,100s,2,Approx. 100 seeds,Sunflower,NO,1,,0.2,
SUN-GA,1Ms,2,Approx. 1000 seeds,Sunflower,NO,1,,0.2,
SUN-GS,pkt,2,Approx. 35 seeds,Sunflower,NO,1,,2.73,
SUN-GS,100s,2,Approx. 100 seeds,Sunflower,NO,1,,0.2,
SUN-RE,pkt,2,Approx. 25 seeds,Sunflower,NO,1,,2.74,
SUN-RE,100s,2,Approx. 100 seeds,Sunflower,NO,1,,0.2,
SUN-RE,1Ms,2,Approx. 1000 seeds,Sunflower,NO,1,,0.2,
SUN-SO,pkt,2,Approx. 35 seeds,Sunflower,NO,1,,2.75,
SUN-SO,100s,2,Approx. 100 seeds,Sunflower,NO,1,,0.2,
SUN-SO,1Ms,2,Approx. 1000 seeds,Sunflower,NO,1,,0.2,
SUN-TA,pkt,2,Approx. 35 seeds,Sunflower,NO,1,,2.76,
SUN-TA,100s,2,Approx. 100 seeds,Sunflower,NO,1,,0.2,
SUN-TA,1Ms,2,Approx. 1000 seeds •,SM Coffee,YES,1,,0.2,
SUN-TG,pkt,2,Approx. 25 seeds,Sunflower,NO,1,,2.78,
SUN-TG,100s,2,Approx. 100 seeds,Sunflower,NO,1,,0.2,
SUN-TO,pkt,2,Approx. 50 seeds,Sunflower,NO,1,,2.77,
SUN-TO,250s,2,Approx. 250 seeds,Sunflower,NO,1,,0.2,
SWP-AP,pkt,2,Approx. 15 seeds,Sweet Pea,NO,1,,1.02,
SWP-AP,100s,2,Approx. 100 seeds,Sweet Pea,NO,1,,0.2,
VET-AZ,pkt,2,Approx. 25 seeds,Sweet Pea,NO,1,,1,
VET-AZ,100s,2,Approx. 100 seeds,Sweet Pea,NO,1,,0.2,
VET-AZ,500s,2,Approx. 500 seeds,Sweet Pea,NO,1,,0.2,
VET-AZ,1/4lb,2,Net wt. 1/4 lb •,SM Coffee,YES,1,,0.2,
SWP-BR,pkt,2,Approx. 15 seeds,Sweet Pea,NO,1,,1.03,
SWP-BR,100s,2,Approx. 100 seeds,Sweet Pea,NO,1,,0.2,
SWP-FN,pkt,2,Approx. 15 seeds,Sweet Pea,NO,1,,1.19,
SWP-FN,100s,2,Approx. 100 seeds,Sweet Pea,NO,1,,0.2,
SWP-HS,pkt,2,Approx. 15 seeds,Sweet Pea,NO,1,,1.21,
SWP-JJ,pkt,2,Approx. 15 seeds,Sweet Pea,NO,1,,1.2,
SWP-JJ,100s,2,Approx. 100 seeds,Sweet Pea,NO,1,,0.2,
SWP-KF,pkt,2,Approx. 15 seeds,Sweet Pea,NO,1,,1.22,
SWP-KF,100s,2,Approx. 100 seeds,Sweet Pea,NO,1,,0.2,
SWP-LC,pkt,2,Approx. 50 seeds,Sweet Pea,NO,1,,1.23,
SWP-LC,1/4oz,2,Net wt. 1/4 oz,Sweet Pea,NO,1,,0.2,
SWP-LC,1oz,2,Net wt. 1 oz,Sweet Pea,NO,1,,0.2,
SWP-LB,pkt,2,Approx. 15 seeds,Sweet Pea,NO,1,,1.24,
SWP-LB,100s,2,Approx. 100 seeds,Sweet Pea,NO,1,,0.2,
SWP-MW,pkt,2,Approx. 15 seeds,Sweet Pea,NO,1,,1.25,
SWP-MW,100s,2,Approx. 100 seeds,Sweet Pea,NO,1,,0.2,
SWP-MR,pkt,2,Approx. 15 seeds,Sweet Pea,NO,1,,1.26,
SWP-MR,100s,2,Approx. 100 seeds,Sweet Pea,NO,1,,0.2,
SWP-NI,pkt,2,Approx. 15 seeds,Sweet Pea,NO,1,,1.27,
SWP-NI,100s,2,Approx. 100 seeds,Sweet Pea,NO,1,,0.2,
SWP-SZ,pkt,2,Approx. 15 seeds,Sweet Pea,NO,1,,1.3,
SWP-SZ,100s,2,Approx. 100 seeds,Sweet Pea,NO,1,,0.2,
SWP-TL,pkt,2,Approx. 15 seeds,Sweet Pea,NO,1,,1.31,
SWP-TL,100s,2,Approx. 100 seeds,Sweet Pea,NO,1,,0.2,
SWP-WR,pkt,2,Approx. 15 seeds,Sweet Pea,NO,1,,1.33,
SWP-WR,100s,2,Approx. 100 seeds,Sweet Pea,NO,1,,0.2,
SWP-WN,pkt,2,Approx. 15 seeds,Sweet Pea,NO,1,,1.34,
SWP-WN,100s,2,Approx. 100 seeds,Sweet Pea,NO,1,,0.2,
ZIN-BE,pkt,2,Approx. 75 seeds,Zinnia,NO,1,,2.83,
ZIN-BE,250s,2,Approx. 250 seeds,Zinnia,NO,1,,0.2,
ZIN-BE,1Ms,2,Approx. 1000 seeds,Zinnia,NO,1,,0.2,
ZIN-QR,pkt,2,Approx. 50 seeds,Zinnia,NO,1,,2.87,
ZIN-QR,250s,2,Approx. 250 seeds,Zinnia,NO,1,,0.2,
ZIN-QR,1Ms,2,Approx. 1000 seeds,Zinnia,NO,1,,0.2,
ZIN-SR,pkt,2,Approx. 75 seeds,Zinnia,NO,1,,2.88,
ZIN-SR,250s,2,Approx. 250 seeds,Zinnia,NO,1,,0.2,
ZIN-SR,1Ms,2,Approx. 1000 seeds,Zinnia,NO,1,,0.2,
ZIN-ZL,pkt,2,Approx. 25 seeds,Zinnia,NO,1,,2.89,
ZIN-ZL,100s,2,Approx. 100 seeds,Zinnia,NO,1,,0.2,
ZIN-ZL,500s,2,Approx. 500 seeds,Zinnia,NO,1,,0.2,
ZIN-ZP,pkt,2,Approx. 25 seeds,Zinnia,NO,1,,2.9,
ZIN-ZP,100s,2,Approx. 100 seeds,Zinnia,NO,1,,0.2,
ZIN-ZP,500s,2,Approx. 500 seeds,Zinnia,NO,1,,0.2,
ZIN-OC,pkt,2,Approx. 50 seeds,Zinnia,NO,1,,2.85,
SMA-VM,pkt,2,Approx. 100 seeds,Smarties,YES,1,,5.43,
SMA-VM,500s,2,Approx. 500 seeds,Smarties,YES,1,,0.2,
SMA-VM,1Ms,2,Approx. 1000 seeds,Smarties,YES,1,,0.2,
SMA-VM,5Ms,2,Approx. 5k seeds,Smarties,YES,1,,0.2,
SMA-VM,25Ms,2,Approx. 25000 seeds,Smarties,YES,1,,0.2,
AST-TS,pkt,2,Approx. 50 seeds,Flower,YES,1,,1.13,
AST-TS,250s,2,Approx. 250 seeds,Flower,YES,1,,0.2,
AST-TS,1Ms,2,Approx. 1000 seeds,Flower,YES,1,,0.2,
COS-CH,pkt,2,Approx. 20 seeds,Cosmos,NO,1,,2.08,
COS-XS,pkt,2,Approx. 50 seeds,Cosmos,NO,1,,2.08,
COS-XS,250s,2,Approx. 250 seeds,Cosmos,NO,1,,0.2,
COS-XS,1Ms,2,Approx. 1000 seeds,Cosmos,NO,1,,0.2,
GRE-BC,pkt,2,Approx. 250 seeds,Veg,YES,1,,6.94,
GRE-BC,1/4oz,2,Net wt. 1/4 oz,Veg,YES,1,,0.2,
GRE-BC,1oz,2,Net wt. 1 oz,Veg,YES,1,,0.2,
GRE-MS,pkt,2,Net wt. 1/4 g,Veg,YES,1,,0.2,
LAR-PB,pkt,2,Approx. 50 seeds,Flower,YES,1,,2.11,
LAR-PB,250s,2,Approx. 250 seeds,Flower,YES,1,,0.2,
FMN-MR,pkt,2,Approx. 75 seeds,Flower,YES,1,,2.16,
MIX-BR,pkt,1,Net wt. 2 g,Greens,NO,1,,5.64,
MIX-IN,pkt,1,Net wt. 1/4 oz,Flower,YES,1,,0.2,
DIA-SO,pkt,2,Approx. 100 seeds,Flower,YES,1,,2.12,
DIA-SO,500s,2,Approx. 500 seeds,Flower,YES,1,,0.2,
SAP-WB,pkt,2,Approx. 100 seeds,Flower,YES,1,,2.59,
SAP-WB,1/2oz,2,Net wt. 1/2 oz,Flower,YES,1,,0.2,
SNA-RB,pkt,2,Approx. 100 seeds,Flower,YES,1,,2.68,
SNA-RB,1Ms,2,Approx. 1000 seeds,Flower,YES,1,,0.2,
FOC-FM,pkt,2,Approx. 20 seeds,Flower,YES,1,,2.19,
FOC-ST,pkt,2,Approx. 20 seeds,Flower,YES,1,,2.2,
FOC-ST,100s,2,Approx. 100 seeds,Flower,YES,1,,0.2,
FOC-ST,1Ms,2,Approx. 1000 seeds •,SM Coffee,YES,1,,0.2,
FOC-FT,pkt,2,Approx. 20 seeds,Flower,YES,1,,2.18,
CEL-MO,pkt,2,Approx. 150 seeds,Veg,YES,1,,5.27,
CEL-MO,1Ms,2,Approx. 1000 seeds,Veg,YES,1,,0.2,
CEL-MO,5Ms,2,Approx. 5k seeds,Veg,YES,1,,0.2,
CEL-MO,25Ms,2,Approx. 25000 seeds,Veg,YES,1,,0.2,
HOH-BL,pkt,2,Approx. 50 seeds,Flower,YES,1,,0.2,
DID-LB,pkt,2,Approx. 75 seeds,Flower,YES,1,,2.13,
DID-LB,500s,2,Approx. 500 seeds,Flower,YES,1,,0.2,
MIG-AM,pkt,2,Approx. 200 seeds,Flower,YES,1,,2.33,
MIG-AM,1Ms,2,Approx. 1000 seeds,Flower,YES,1,,0.2,
PER-OS,pkt,2,Approx. 100 seeds,Veg,YES,1,,0.2,
MON-LB,pkt,2,Approx. 100 seeds,Herb,YES,1,,6.11,
MON-LB,500s,2,Approx. 500 seeds,Herb,YES,1,,0.2,
CHI-MV,pkt,2,Approx. 100 seeds,Veg,YES,1,,0.2,
CHI-MV,500s,2,Approx. 500 seeds,Veg,YES,1,,0.2,
CHI-MV,1Ms,2,Approx. 1000 seeds,Veg,YES,1,,0.2,
SMA-BE,pkt,2,Approx. 100 seeds,Smarties Rad,NO,1,,6.2,
SMA-BE,500s,2,Approx. 500 seeds,Smarties Rad,NO,1,,0.2,
SMA-BE,1Ms,2,Approx. 1000 seeds,Smarties Rad,NO,1,,0.2,
SMA-BE,5Ms,2,Approx. 5k seeds,Smarties Rad,NO,1,,0.2,
SMA-BE,25Ms,2,Approx. 25000 seeds,Smarties Rad,NO,1,,0.2,
SMA-BB,pkt,2,Approx. 100 seeds,Smarties,YES,1,,5.44,
SMA-BB,500s,2,Approx. 500 seeds,Smarties,YES,1,,0.2,
SMA-BB,1Ms,2,Approx. 1000 seeds,Smarties,YES,1,,0.2,
SMA-BB,5Ms,2,Approx. 5k seeds,Smarties,YES,1,,0.2,
SMA-BB,25Ms,2,Approx. 25000 seeds,Smarties,YES,1,,0.2,
SMA-BT,pkt,2,Approx. 100 seeds,Smarties,YES,1,,5.45,
SMA-BT,500s,2,Approx. 500 seeds,Smarties,YES,1,,0.2,
SMA-BT,1Ms,2,Approx. 1000 seeds,Smarties,YES,1,,0.2,
SMA-BT,5Ms,2,Approx. 5k seeds,Smarties,YES,1,,0.2,
SMA-BT,25Ms,2,Approx. 25000 seeds,Smarties,YES,1,,0.2,
SMA-DT,pkt,2,Approx. 100 seeds,Smarties Rad,NO,1,,6.24,
SMA-DT,500s,2,Approx. 500 seeds,Smarties Rad,NO,1,,0.2,
SMA-DT,1Ms,2,Approx. 1000 seeds,Smarties Rad,NO,1,,0.2,
SMA-DT,5Ms,2,Approx. 5k seeds,Smarties Rad,NO,1,,0.2,
SMA-DT,25Ms,2,Approx. 25000 seeds,Smarties Rad,NO,1,,0.2,
SMA-ET,pkt,2,Approx. 100 seeds,Smarties Rad,NO,1,,6.25,
SMA-ET,500s,2,Approx. 500 seeds,Smarties Rad,NO,1,,0.2,
SMA-ET,1Ms,2,Approx. 1000 seeds,Smarties Rad,NO,1,,0.2,
SMA-ET,5Ms,2,Approx. 5k seeds,Smarties Rad,NO,1,,0.2,
SMA-ET,25Ms,2,Approx. 25000 seeds,Smarties Rad,NO,1,,0.2,
SMA-FX,pkt,2,Approx. 100 seeds,Smarties Rad,NO,1,,6.26,
SMA-FX,500s,2,Approx. 500 seeds,Smarties Rad,NO,1,,0.2,
SMA-FX,1Ms,2,Approx. 1000 seeds,Smarties Rad,NO,1,,0.2,
SMA-FX,5Ms,2,Approx. 5k seeds,Smarties Rad,NO,1,,0.2,
SMA-FX,25Ms,2,Approx. 25000 seeds,Smarties Rad,NO,1,,0.2,
SMA-LT,pkt,2,Approx. 100 seeds,Smarties Rad,NO,1,,6.3,
SMA-LT,500s,2,Approx. 500 seeds,Smarties Rad,NO,1,,0.2,
SMA-LT,1Ms,2,Approx. 1000 seeds,Smarties Rad,NO,1,,0.2,
SMA-LT,5Ms,2,Approx. 5k seeds,Smarties Rad,NO,1,,0.2,
SMA-LT,25Ms,2,Approx. 25000 seeds,Smarties Rad,NO,1,,0.2,
SMA-RS,pkt,2,Approx. 100 seeds,Smarties Rad,NO,1,,6.41,
SMA-RS,500s,2,Approx. 500 seeds,Smarties Rad,NO,1,,0.2,
SMA-RS,1Ms,2,Approx. 1000 seeds,Smarties Rad,NO,1,,0.2,
SMA-RS,5Ms,2,Approx. 5k seeds,Smarties Rad,NO,1,,0.2,
SMA-RS,25Ms,2,Approx. 25000 seeds,Smarties Rad,NO,1,,0.2,
SMA-MT,pkt,2,Approx. 100 seeds,Smarties Rad,NO,1,,6.32,
SMA-MT,500s,2,Approx. 500 seeds,Smarties Rad,NO,1,,0.2,
SMA-MT,1Ms,2,Approx. 1000 seeds,Smarties Rad,NO,1,,0.2,
SMA-MT,5Ms,2,Approx. 5k seeds,Smarties Rad,NO,1,,0.2,
SMA-MT,25Ms,2,Approx. 25000 seeds,Smarties Rad,NO,1,,0.2,
SMA-MB,pkt,2,Approx. 100 seeds,Smarties Rad,NO,1,,6.34,
SMA-MB,500s,2,Approx. 500 seeds,Smarties Rad,NO,1,,0.2,
SMA-MB,1Ms,2,Approx. 1000 seeds,Smarties Rad,NO,1,,0.2,
SMA-MB,5Ms,2,Approx. 5k seeds,Smarties Rad,NO,1,,0.2,
SMA-MB,25Ms,2,Approx. 25000 seeds,Smarties Rad,NO,1,,0.2,
SMA-PA,pkt,2,Approx. 100 seeds,Smarties Rad,NO,1,,6.35,
SMA-PA,500s,2,Approx. 500 seeds,Smarties Rad,NO,1,,0.2,
SMA-PA,1Ms,2,Approx. 1000 seeds,Smarties Rad,NO,1,,0.2,
SMA-PA,5Ms,2,Approx. 5k seeds,Smarties Rad,NO,1,,0.2,
SMA-PA,25Ms,2,Approx. 25000 seeds,Smarties Rad,NO,1,,0.2,
SMA-PN,pkt,2,Approx. 100 seeds,Smarties Rad,NO,1,,6.36,
SMA-PN,500s,2,Approx. 500 seeds,Smarties Rad,NO,1,,0.2,
SMA-PN,1Ms,2,Approx. 1000 seeds,Smarties Rad,NO,1,,0.2,
SMA-PN,5Ms,2,Approx. 5k seeds,Smarties Rad,NO,1,,0.2,
SMA-PN,25Ms,2,Approx. 25000 seeds,Smarties Rad,NO,1,,0.2,
SMA-PQ,pkt,2,Approx. 100 seeds,Smarties Rad,NO,1,,6.37,
SMA-PQ,500s,2,Approx. 500 seeds,Smarties Rad,NO,1,,0.2,
SMA-PQ,1Ms,2,Approx. 1000 seeds,Smarties Rad,NO,1,,0.2,
SMA-PQ,5Ms,2,Approx. 5k seeds,Smarties Rad,NO,1,,0.2,
SMA-PQ,25Ms,2,Approx. 25000 seeds,Smarties Rad,NO,1,,0.2,
SMA-RR,pkt,2,Approx. 100 seeds,Smarties Rad,NO,1,,6.38,
SMA-RR,500s,2,Approx. 500 seeds,Smarties Rad,NO,1,,0.2,
SMA-RR,1Ms,2,Approx. 1000 seeds,Smarties Rad,NO,1,,0.2,
SMA-RR,5Ms,2,Approx. 5k seeds,Smarties Rad,NO,1,,0.2,
SMA-RR,25Ms,2,Approx. 25000 seeds,Smarties Rad,NO,1,,0.2,
SMA-RM,pkt,2,Approx. 100 seeds,Smarties Rad,NO,1,,6.39,
SMA-RM,500s,2,Approx. 500 seeds,Smarties Rad,NO,1,,0.2,
SMA-RM,1Ms,2,Approx. 1000 seeds,Smarties Rad,NO,1,,0.2,
SMA-RM,5Ms,2,Approx. 5k seeds,Smarties Rad,NO,1,,0.2,
SMA-RM,25Ms,2,Approx. 25000 seeds,Smarties Rad,NO,1,,0.2,
SMA-SH,pkt,2,Approx. 100 seeds,Smarties Rad,NO,1,,6.43,
SMA-SH,500s,2,Approx. 500 seeds,Smarties Rad,NO,1,,0.2,
SMA-SH,1Ms,2,Approx. 1000 seeds,Smarties Rad,NO,1,,0.2,
SMA-SH,5Ms,2,Approx. 5k seeds,Smarties Rad,NO,1,,0.2,
SMA-SH,25Ms,2,Approx. 25000 seeds,Smarties Rad,NO,1,,0.2,
SMA-VE,pkt,2,Approx. 100 seeds,Smarties Rad,NO,1,,6.46,
SMA-VE,500s,2,Approx. 500 seeds,Smarties Rad,NO,1,,0.2,
SMA-VE,1Ms,2,Approx. 1000 seeds,Smarties Rad,NO,1,,0.2,
SMA-VE,5Ms,2,Approx. 5k seeds,Smarties Rad,NO,1,,0.2,
SMA-VE,25Ms,2,Approx. 25000 seeds,Smarties Rad,NO,1,,0.2,
BRO-SP,pkt,2,Approx. 100 seeds,Brassica,,1,,0.2,
KAL-RR,pkt,2,Net wt. 1 g,Brassica,NO,1,,5.57,
KAL-RR,1/4oz,2,Net wt. 1/4 oz,Brassica,NO,1,,0.2,
KAL-RR,1oz,2,Net wt. 1 oz,Brassica,NO,1,,0.2,
KAL-RR,1/4lb,2,Net wt. 1/4 lb •,SM Coffee,YES,1,,0.2,
HER-CM,pkt,1,Approx. 150 seeds,Herb,YES,1,,6.15,
BEE-BB,pkt,2,Approx. 100 seeds,Beet,NO,1,,0.2,
SMA-VG,pkt,2,Approx. 100 seeds,Smarties Rad,NO,1,,6.47,
SMA-VG,500s,2,Approx. 500 seeds,Smarties Rad,NO,1,,0.2,
SMA-VG,1Ms,2,Approx. 1000 seeds,Smarties Rad,NO,1,,0.2,
SMA-VG,5Ms,2,Approx. 5k seeds,Smarties Rad,NO,1,,0.2,
SMA-AC,pkt,2,Approx. 100 seeds,Smarties Rad,NO,1,,6.19,
SMA-AC,500s,2,Approx. 500 seeds,Smarties Rad,NO,1,,0.2,
SMA-AC,1Ms,2,Approx. 1000 seeds,Smarties Rad,NO,1,,0.2,
SMA-AC,5Ms,2,Approx. 5k seeds,Smarties Rad,NO,1,,0.2,
SMA-CA,pkt,2,Approx. 100 seeds,Smarties Rad,NO,1,,6.23,
SMA-CA,500s,2,Approx. 500 seeds,Smarties Rad,NO,1,,0.2,
SMA-CA,1Ms,2,Approx. 1000 seeds,Smarties Rad,NO,1,,0.2,
SMA-CA,5Ms,2,Approx. 5k seeds,Smarties Rad,NO,1,,0.2,
SMA-SG,pkt,2,Approx. 100 seeds,Smarties Rad,NO,1,,6.45,
SMA-SG,500s,2,Approx. 500 seeds,Smarties Rad,NO,1,,0.2,
SMA-SG,1Ms,2,Approx. 1000 seeds,Smarties Rad,NO,1,,0.2,
SMA-SG,5Ms,2,Approx. 5k seeds,Smarties Rad,NO,1,,0.2,
GRE-WA,pkt,2,Net wt. 1/3 g,Greens,NO,1,,6.87,
GRE-WA,1/8oz,2,Net wt. 1/8 oz,Greens,NO,1,,0.2,
LUP-DT,pkt,2,Approx. 25 seeds,Veg,YES,1,,4.41,
POP-LP,pkt,2,Approx. 300 seeds,Poppy,NO,1,,2.49,
POP-LP,1g,2,Net wt. 1 g,Poppy,NO,1,,0.2,
TGC-QM,pkt,2,Approx. 30-35 seeds,Veg,YES,1,,4.53,
TGC-QM,100s,2,Approx. 100 seeds,Veg,YES,1,,0.2,
TGC-QM,250s,2,Approx. 250 seeds,Veg,YES,1,,0.2,
PEP-LY,pkt,2,Approx. 30 seeds,Pepper,NO,1,,3.85,
PEP-BM,pkt,2,Approx. 30 seeds,Pepper,NO,1,,3.77,
PEP-BM,100s,2,Approx. 100 seeds,Pepper,NO,1,,0.2,
PEP-TU,pkt,2,Approx. 30 seeds,Pepper,NO,1,,3.96,
TOM-PG,pkt,2,Approx. 25 seeds,Tomato,NO,1,,3.58,
TOM-PG,100s,2,Approx. 100 seeds,Tomato,NO,1,,0.2,
TOM-PG,250s,2,Approx. 250 seeds,Tomato,NO,1,,0.2,
TOM-PR,pkt,2,Approx. 25 seeds,Tomato,NO,1,,3.59,
TOM-PR,100s,2,Approx. 100 seeds,Tomato,NO,1,,0.2,
TOM-PR,250s,2,Approx. 250 seeds,Tomato,NO,1,,0.2,
ZIN-QP,pkt,2,Approx. 50 seeds,Zinnia,NO,1,,2.86,
SWP-WF,pkt,2,Approx. 20 seeds,Sweet Pea,NO,1,,1.32,
BEA-SB,pkt,2,Approx. 15 seeds,Bean,NO,1,,4.29,
PEP-LY,100s,2,Approx. 100 seeds,Pepper,NO,1,,0.2,
PEP-LY,250s,2,Approx. 250 seeds,Pepper,NO,1,,0.2,
PEP-LY,1Ms,2,Approx. 1000 seeds,Pepper,NO,1,,0.2,
LAR-PB,1Ms,2,Approx. 1000 seeds,Flower,YES,1,,0.2,
ZIN-QP,250s,2,Approx. 250 seeds,Zinnia,NO,1,,0.2,
MEL-MO,1/2oz,2,Net wt. 1/2 oz,Cuke,NO,1,,0.2,
PEP-TU,100s,2,Approx. 100 seeds,Pepper,NO,1,,0.2,
PEP-TU,250s,2,Approx. 250 seeds,Pepper,NO,1,,0.2,
WAT-CO,50s,2,Approx. 50 Seeds,Cuke,NO,1,,0.2,
SMA-LA,pkt,2,Approx. 200 seeds,Smarties,YES,1,,5.56,
SMA-LA,1Ms,2,Approx. 1000 seeds,Smarties,YES,1,,0.2,
SMA-LA,5Ms,2,Approx. 5k seeds,Smarties,YES,1,,0.2,
SMA-LA,10Ms,2,Approx. 10k seeds,Smarties,YES,1,,0.2,
SMA-BO,pkt,2,Approx. 100 seeds,Smarties Rad,NO,1,,6.22,
SMA-BO,500s,2,Approx. 500 seeds,Smarties Rad,NO,1,,0.2,
SMA-BO,1Ms,2,Approx. 1000 seeds,Smarties Rad,NO,1,,0.2,
SMA-BO,5Ms,2,Approx. 5k seeds,Smarties Rad,NO,1,,0.2,
SMA-SA,pkt,2,Approx. 100 seeds,Smarties Rad,NO,1,,6.42,
SMA-SA,500s,2,Approx. 500 seeds,Smarties Rad,NO,1,,0.2,
SMA-SA,1Ms,2,Approx. 1000 seeds,Smarties Rad,NO,1,,0.2,
SMA-SA,5Ms,2,Approx. 5k seeds,Smarties Rad,NO,1,,0.2,
PEP-SU,pkt,2,Approx. 30 seeds,Pepper,NO,1,,3.94,
PEP-RM,pkt,2,Approx. 15 seeds,Pepper,NO,1,,3.91,
TOM-TA,pkt,2,Approx. 20 seeds,Tomato,NO,1,,3.69,
TOM-CL,pkt,2,Approx. 20 seeds,Tomato,NO,1,,3.37,
TOM-SB,pkt,2,Approx. 20 seeds,Tomato,NO,1,,3.63,
TOM-MS,pkt,2,Approx. 20 seeds,Tomato,NO,1,,3.53,
FOC-BE,pkt,2,Approx. 15 seeds,Flower,YES,1,,2.17,
NIC-BQ,pkt,2,Approx. 150 seeds,Flower,YES,1,,2.36,
NIC-BQ,1Ms,2,Approx. 1000 seeds,Flower,YES,1,,0.2,
SQU-SR,pkt,2,Approx. 20 seeds,"Squash, Winter",NO,1,,3.04,
SQU-SR,1oz,2,Net wt. 1 oz,"Squash, Winter",NO,1,,0.2,
HER-VE,pkt,2,Approx. 150 seeds,Herb,YES,1,,6.06,
BEA-GR,pkt,2,Net wt. 1 oz,Bean,NO,1,,4.12,
BEA-GR,1/2lb,2,Net wt. 1/2 lb •,Bean,YES,1,,0.2,
BEA-GR,1lb,2,Net wt. 1 lb •,Bean,YES,1,,0.2,
SMA-YS,pkt,2,Approx. 100 seeds,Smarties Rad,NO,1,,6.48,
SMA-YS,500s,2,Approx. 500 seeds,Smarties Rad,YES,1,,0.2,
SMA-YS,1Ms,2,Approx. 1000 seeds,Smarties Rad,YES,1,,0.2,
SMA-YS,5Ms,2,Approx. 5k seeds,Smarties Rad,YES,1,,0.2,
SMA-GA,pkt,2,Approx. 100 seeds,Smarties Rad,NO,1,,6.27,
SMA-GA,500s,2,Approx. 500 seeds,Smarties Rad,YES,1,,0.2,
SMA-GA,1Ms,2,Approx. 1000 seeds,Smarties Rad,YES,1,,0.2,
SMA-GA,5Ms,2,Approx. 5k seeds,Smarties Rad,YES,1,,0.2,
SMA-JO,pkt,2,Approx. 100 seeds,Smarties Rad,NO,1,,6.29,
SMA-JO,500s,2,Approx. 500 seeds,Smarties Rad,YES,1,,0.2,
SMA-JO,1Ms,2,Approx. 1000 seeds,Smarties Rad,YES,1,,0.2,
SMA-JO,5Ms,2,Approx. 5k seeds,Smarties Rad,YES,1,,0.2,
SMA-SE,pkt,2,Approx. 100 seeds,Smarties Rad,NO,1,,6.44,
SMA-SE,500s,2,Approx. 500 seeds,Smarties Rad,YES,1,,0.2,
SMA-SE,1Ms,2,Approx. 1000 seeds,Smarties Rad,YES,1,,0.2,
SMA-SE,5Ms,2,Approx. 5k seeds,Smarties Rad,YES,1,,0.2,
SMA-MR,pkt,2,Approx. 100 seeds,Smarties,YES,1,,5.42,
SMA-MR,500s,2,Approx. 500 seeds,Smarties,YES,1,,0.2,
SMA-MR,1Ms,2,Approx. 1000 seeds,Smarties,YES,1,,0.2,
SMA-MR,5Ms,2,Approx. 5k seeds,Smarties,YES,1,,0.2,
SNA-OW,pkt,2,Approx. 100 seeds,Flower,YES,1,,2.67,
SNA-OW,1Ms,2,Approx. 1000 seeds,Flower,YES,1,,0.2,
STB-AW,pkt,2,Approx. 100 seeds,Veg,YES,1,,4.55,
TOM-KK,pkt,2,Approx. 20 seeds,Tomato,NO,1,,3.49,
TOM-KK,50s,2,Approx. 50 seeds,Tomato,NO,1,,0.2,
BEA-KM,pkt,2,Approx. 40 seeds,Bean,NO,1,,4.18,
BEA-KM,1/2lb,2,Net wt. 1/2 lb •,SM Coffee,YES,1,,0.2,
BEA-KM,1lb,2,Net wt. 1 lb •,SM Coffee,YES,1,,0.2,
COS-CW,pkt,2,Approx. 75 seeds,Cosmos,NO,1,,2.08,
COS-CW,250s,2,Approx. 250 seeds,Cosmos,NO,1,,0.2,
COS-CW,1Ms,2,Approx. 1000 seeds,Cosmos,NO,1,,0.2,
SWP-PO,pkt,2,Approx. 20 seeds,Sweet Pea,NO,1,,1.28,
ZIN-IS,pkt,2,Approx. 50 seeds,Zinnia,NO,1,,2.84,
ZIN-IS,250s,2,Approx. 250 seeds,Zinnia,NO,1,,0.2,
HER-GP,pkt,2,Approx. 100 seeds,Herb,YES,1,,6.015,
HER-GP,1/8oz,2,Net wt. 1/8oz,Herb,YES,1,,0.2,
PAR-SS,pkt,2,Net wt. 1g,Veg,YES,1,,5.275,
PAR-SS,1/4oz,2,Net wt. 1/4 oz,Veg,YES,1,,0.2,
PAR-SS,1/2oz,2,Net wt. 1/2 oz,Veg,YES,1,,0.2,
PAR-SS,1oz,2,Net wt. 1 oz,Veg,YES,2,,0.2,
BEA-BI,pkt,2,Net wt. 1 oz,Bean,NO,1,,4.04,
BEA-BI,1/2lb,2,Net wt. 1/2 lb •,SM Coffee,YES,1,,0.2,
BEA-BI,1lb,2,Net wt. 1 lb •,SM Coffee,YES,1,,0.2,
SWP-RE,pkt,2,Approx. 15 seeds,Sweet Pea,NO,1,,1.29,
SWP-RE,100s,2,Approx. 100 seeds,Sweet Pea,NO,1,,0.2,
SWP-AB,pkt,2,Approx. 15 seeds,Sweet Pea,NO,1,,1.01,
SWP-AB,100s,2,Approx. 100 seeds,Sweet Pea,NO,1,,0.2,
BEA-GI,pkt,2,Approx. 40 seeds,Bean,NO,1,,4.11,
BEA-GI,1/2lb,2,Net wt. 1/2 lb,SM Coffee,YES,1,,0.2,
BEA-GI,1lb,2,Net wt. 1 lb,SM Coffee,YES,1,,0.2,
SWP-EM,pkt,2,Approx. 15 seeds,Sweet Pea,NO,1,,1.18,
SWP-EM,100s,2,Approx. 100 seeds,Sweet Pea,NO,1,,0.2,
